Strategy,Return,Vol,Sharpe_gross,Sharpe_net,Sharpe_net_CI_lo,Sharpe_net_CI_hi,Sortino_net,MDD_net,Calmar_net,CAGR_net,WinRate_net,Turnover,t_stat_net,p_value_net,N_days,Period,Universe
1/N,0.039416281992852235,0.09367974369036201,0.42075565581321583,0.42075565581321583,-0.2936012581908507,1.0813400485679268,0.6332851488586041,0.1443684408082826,0.2730256126073703,0.03565364119673986,0.5016429353778752,0.0,1.132609183543786,0.257527190559672,1826,IN-SAMPLE (calibration),"Core (EUR, JPY) - matches paper"
Risk parity,0.038176811297238204,0.093155419020931,0.41229565517242667,0.40981847002008864,-0.2784993167978438,1.0894747869247001,0.603528819837318,0.14506141107730675,0.26317689186749227,0.03442161893809992,0.4846659364731654,0.004553687933226156,1.103167970097758,0.2700996714274928,1826,IN-SAMPLE (calibration),"Core (EUR, JPY) - matches paper"
TSMOM,0.0003762028147785038,0.12923830831348496,0.016582111182733787,0.0029109233917390277,-0.5103728679815707,0.44362688381145443,0.003069195000690719,0.1891094189384851,0.001989339382936171,-0.007996634768782207,0.436473165388828,0.03506564353468223,0.007835755789672959,0.9937488918205869,1826,IN-SAMPLE (calibration),"Core (EUR, JPY) - matches paper"
1/N (ext G10),0.03899950104576671,0.08975608584636728,0.43450536727415845,0.43450536727415845,-0.5262137746759786,1.3913963506299545,0.643280774085053,0.1991376204257551,0.1958419557408891,0.035592075264638146,0.5029585798816568,0.0,0.9414282957606765,0.3466777788217585,1183,IN-SAMPLE (calibration),"Extended G10 (EUR,JPY,GBP,AUD,CAD,CHF) - robustness, NOT in paper"
Risk parity (ext G10),0.037882526717118364,0.08772716889966625,0.43530644990890466,0.4318220591438975,-0.5657236735932694,1.3842189698449057,0.6075155109360286,0.20064296283734984,0.18880565847618405,0.034621892975764235,0.48774302620456467,0.006057607917840617,0.9356144614784446,0.3496628322354003,1183,IN-SAMPLE (calibration),"Extended G10 (EUR,JPY,GBP,AUD,CAD,CHF) - robustness, NOT in paper"
TSMOM (ext G10),0.005748275604048474,0.08717859203453644,0.08356566867048087,0.06593677954527245,-0.6981047756933113,0.7602960642257832,0.07246263169926054,0.19191049977366703,0.029952897891609903,0.001946089928369421,0.4125105663567202,0.030525305112372576,0.14286302234809028,0.8864227116915736,1183,IN-SAMPLE (calibration),"Extended G10 (EUR,JPY,GBP,AUD,CAD,CHF) - robustness, NOT in paper"
1/N,-0.027366200768354422,0.07087196758714295,-0.38613575578673487,-0.38613575578673487,-0.8546030324416812,0.11211613145679751,-0.5865659326464252,0.4047370954876264,-0.06761475800824158,-0.029436315292669546,0.47860669226549646,0.0,-1.4687506793465994,0.1419867188079867,3646,OUT-OF-SAMPLE (matches paper 2011-2024),"Core (EUR, JPY) - matches paper"
Risk parity,-0.02803842522397613,0.0689369066239566,-0.4035946098209205,-0.4067258975939074,-0.8752724948852264,0.09944363811935579,-0.6132140766123585,0.41365288824093316,-0.06778249595502663,-0.02995778309034358,0.47970378496982996,0.004281969455793405,-1.5470697272822436,0.12193324580678244,3646,OUT-OF-SAMPLE (matches paper 2011-2024),"Core (EUR, JPY) - matches paper"
TSMOM,0.007250107841769232,0.06112354305992042,0.1554058936894143,0.11861399845002164,-0.4315909651014316,0.6354668389830166,0.16353797116455498,0.24971471390258504,0.029033562854440108,0.005395684609446061,0.5153592978606693,0.04459096170573918,0.45117394126977833,0.6518910288193358,3646,OUT-OF-SAMPLE (matches paper 2011-2024),"Core (EUR, JPY) - matches paper"
1/N (ext G10),-0.01814679525949287,0.0644385085915977,-0.2816141412350917,-0.2816141412350917,-0.7433099128244758,0.20808025288545165,-0.4297764850202573,0.3367059888021423,-0.053895077197918285,-0.020019175887698526,0.49066959385290887,0.0,-1.070886325234662,0.2842914867861809,3644,OUT-OF-SAMPLE (matches paper 2011-2024),"Extended G10 (EUR,JPY,GBP,AUD,CAD,CHF) - robustness, NOT in paper"
Risk parity (ext G10),-0.019550430300665184,0.0621307929368762,-0.31025313399194837,-0.31466571367482915,-0.7817745980329436,0.18170094018890118,-0.4794451805356922,0.3467356667327445,-0.05638424937615139,-0.021251049023523372,0.48792535675082327,0.005442107332426825,-1.1965706278694164,0.23155181993344875,3644,OUT-OF-SAMPLE (matches paper 2011-2024),"Extended G10 (EUR,JPY,GBP,AUD,CAD,CHF) - robustness, NOT in paper"
TSMOM (ext G10),-0.008336785809571711,0.05104079918015344,-0.11304826669659389,-0.16333572247068898,-0.6863016971014355,0.34779751376024554,-0.21534307099899672,0.20199899580998792,-0.04127142204911642,-0.009594629962719314,0.5123490669593853,0.05092767047746741,-0.6211122454613045,0.5345646319464064,3644,OUT-OF-SAMPLE (matches paper 2011-2024),"Extended G10 (EUR,JPY,GBP,AUD,CAD,CHF) - robustness, NOT in paper"
1/N,0.03221629977938792,0.07437793271135977,0.4331432537176112,0.4331432537176112,-0.9759228837021438,1.540576064311758,0.7690561671232113,0.08126397884110514,0.3964400985383722,0.029899896016267524,0.47342995169082125,0.0,0.5551769859078928,0.5790741759879713,414,"POST-PAPER HOLDOUT (2025-present, never seen by authors)","Core (EUR, JPY) - matches paper"
Risk parity,0.039093900437145335,0.07374362100097402,0.5329754846234841,0.5301326393591247,-0.8951703203010442,1.6286669450004168,0.9481228530963887,0.07457285858283924,0.5242376540215081,0.037055320749854515,0.4806763285024155,0.0041962023286641415,0.6794921502867863,0.49720672567515367,414,"POST-PAPER HOLDOUT (2025-present, never seen by authors)","Core (EUR, JPY) - matches paper"
TSMOM,-0.044374826756244275,0.06219461253382594,-0.6830190111995353,-0.7134834505498371,-2.2446535537471592,0.813634209583947,-0.9665682702709483,0.08497024120673935,-0.5222396232614757,-0.04525086662400046,0.48792270531400966,0.037698231386036514,-0.9145001986563691,0.36098766749933997,414,"POST-PAPER HOLDOUT (2025-present, never seen by authors)","Core (EUR, JPY) - matches paper"
1/N (ext G10),0.04545658444525483,0.06427742630656193,0.7071935990164914,0.7071935990164914,-0.6328991915188906,1.886257232424199,1.3085836535946946,0.04692007130588438,0.9688089378405098,0.04435103936757834,0.5108958837772397,0.0,0.9053428510009034,0.36581290116466736,413,"POST-PAPER HOLDOUT (2025-present, never seen by authors)","Extended G10 (EUR,JPY,GBP,AUD,CAD,CHF) - robustness, NOT in paper"
Risk parity (ext G10),0.04657894554829733,0.06213560408323826,0.753908499016518,0.7496337443810657,-0.6316859094870795,1.9237192389794286,1.3975782351034054,0.04807661092475801,0.9688483579093252,0.04566489141051089,0.5084745762711864,0.005289809598010048,0.9596743413519074,0.3377819809497551,413,"POST-PAPER HOLDOUT (2025-present, never seen by authors)","Extended G10 (EUR,JPY,GBP,AUD,CAD,CHF) - robustness, NOT in paper"
TSMOM (ext G10),-0.017218590721637828,0.04572638059603806,-0.3210194415201877,-0.3765570442531313,-1.750420769864753,1.0306827506610976,-0.537873566091803,0.04588583172301697,-0.3752485260717361,-0.018096240232178706,0.4794188861985472,0.05038669661843133,-0.4820649232158184,0.6300158105170635,413,"POST-PAPER HOLDOUT (2025-present, never seen by authors)","Extended G10 (EUR,JPY,GBP,AUD,CAD,CHF) - robustness, NOT in paper"
