date,EUR,GBP,AUD,NZD,JPY,CAD,CHF,SEK,NOK
2000-01-31,,,,,0.009328358474513907,,,,
2000-02-29,,,,,0.00907523348619356,,,,
2000-03-31,,,,,0.009712509798874011,,,,
2000-04-30,,,,,0.009246416882950416,,,,
2000-05-31,,,,,0.009291090081935715,,,,
2000-06-30,,,,,0.009433072161577058,,,,
2000-07-31,,,,,0.009146620170603113,,,,
2000-08-31,,,,,0.009374707201327473,,,,
2000-09-30,,,,,0.009248127489140301,,,,
2000-10-31,,,,,0.00919202124813359,,,,
2000-11-30,,,,,0.009060432863230751,,,,
2000-12-31,,,,,0.00874278741049819,,,,
2001-01-31,,,,,0.008570449069116443,,,,
2001-02-28,,,,,0.008518613214067203,,,,
2001-03-31,,,,,0.007922046846282301,,,,
2001-04-30,,,,,0.008105041516138445,,,,
2001-05-31,,,,,0.008387150648703282,,,,
2001-06-30,,,,,0.008032128514056224,,,,
2001-07-31,,,,,0.00799935991449903,,,0.09444119005468095,0.1096659587964079
2001-08-31,,,,,0.008421052631578947,,,0.09618436706834603,0.11326952747723891
2001-09-30,,,,,0.00836960137180954,,,0.09350338152740725,0.11274084580578542
2001-10-31,,,,,0.008169934538673769,,,0.09371017494515425,0.11248593491350045
2001-11-30,,,,,0.00810044572475171,,,0.09382007196019275,0.11209630881903633
2001-12-31,,,,,0.007594744542465197,,,0.09506426050488201,0.11110740250144663
2002-01-31,,,,,0.007414547610319906,,,0.09374531195660045,0.10966475451412674
2002-02-28,,,,,0.0074928813853873035,,,0.09585338246960018,0.11258092140241718
2002-03-31,,,,,0.00753579519967914,,,0.09648039096523175,0.1129969024820662
2002-04-30,,,,,0.0077802848323147746,,,0.0975324270652634,0.11886366186901119
2002-05-31,,,,,0.008060615989676272,,,0.10263199441158642,0.12487201099984924
2002-06-30,,,,,0.008366800770471841,,,0.10924066312662976,0.13337245817324392
2002-07-31,,,,,0.00834863925689773,,,0.10552697873148958,0.13090290617095368
2002-08-31,,,,,0.008443806446197372,,,0.10661492311623255,0.13270519453506843
2002-09-30,,,,,0.008208158786591254,,,0.10784694475345415,0.1351488320945481
2002-10-31,,,,,0.008166598815210141,,,0.10936372447595523,0.134548756691503
2002-11-30,,,,,0.008165264881461874,,,0.11050090322803646,0.13656165031616257
2002-12-31,,,,,0.00842460004810311,,,0.11505758113056372,0.14442519220862934
2003-01-31,,,,,0.008339587769656555,,,0.11654467688954855,0.14460688842942582
2003-02-28,,,,,0.008468117800077684,,,0.11780089036862997,0.13965700408358914
2003-03-31,,,,,0.008473857994219866,,,0.11842308252649221,0.13752509880662178
2003-04-30,,,,,0.008416091588692033,,,0.12156576956046812,0.14208380575428195
2003-05-31,,,,,0.00838222945867113,,,0.12305647066997015,0.1436007921642515
2003-06-30,,,,,0.008356313322477368,,,,
2003-07-31,,,,,0.00829462525091697,,,,
2003-08-31,,,,,0.008555051802734102,,,,
2003-09-30,,,,,0.008985533217481342,0.7406309863442595,0.7590132854795122,,
2003-10-31,,,,,0.00909090909090909,0.7593590923401718,0.7472724705551178,,
2003-11-30,,,,,0.009122422686959659,0.7689941445908557,0.7745333285567135,,
2003-12-31,1.2590018510818481,1.7888127565383911,,0.6544074416160583,0.009310986832332975,0.7708911712524382,0.8086689038732221,0.13887152844686665,0.14991604380719692
2004-01-31,1.2468050718307495,1.8252837657928467,,0.6706008911132812,0.009458948055745674,0.7554582132564841,0.7984031571377285,0.13528138165111053,0.14260249942235553
2004-02-29,1.2494065761566162,1.8695082664489746,,0.6836204528808594,0.009153318077803204,0.7492320436931033,0.7927699479936001,0.13531982461447292,0.14292043452568404
2004-03-31,1.231299638748169,1.843385934829712,,0.6667110919952393,0.009596008144951616,0.7635919390270334,0.7898893952511012,0.13263127125100801,0.14606216866332017
2004-04-30,1.198293685913086,1.7785998582839966,,0.6248047351837158,0.009060432863230751,0.7295010115570744,0.772797509391877,0.13089690902206935,0.1457577187435775
2004-05-31,1.2198989391326904,1.8326095342636108,,0.6298022270202637,0.009130752653865324,0.7339449798144763,0.7980208842187777,0.13417415682101058,0.1486745669502456
2004-06-30,1.218397855758667,1.8202005624771118,,0.6343165040016174,0.009185266600274748,0.7500187535802798,0.7997441156856417,0.13296987908416832,0.1442751610164711
2004-07-31,1.2016053199768066,1.822090983390808,,0.6348803639411926,0.00897988500825353,0.7510890583979558,0.780457379258141,0.1303288162166267,0.142553702892033
2004-08-31,1.2178043127059937,1.8024837970733643,,0.655995786190033,0.00916002580170842,0.7619628258487963,0.7894528908275573,0.13331377952007595,0.14566005476754493
2004-09-30,1.2433944940567017,1.8128092288970947,,0.6760868430137634,0.009084302174474436,0.7927070941292236,0.8028904257470633,0.13747216259372355,0.14906462154688435
2004-10-31,1.2791976928710938,1.8381000757217407,,0.6843221783638,0.009458948055745674,0.8215576457987737,0.8367500978781025,0.14149274620550975,0.15695383444404237
2004-11-30,1.3298048973083496,1.9095995426177979,,0.7141836881637573,0.0097181728393707,0.8419634352589291,0.8775778681445898,0.14903129572502344,0.1628876670739728
2004-12-31,1.3565024137496948,1.9197911024093628,,0.717875063419342,0.00975514563614048,0.8325701497197624,0.8768084562192497,0.15055479765128565,0.16475821814449654
2005-01-31,1.305193305015564,1.8841972351074219,,0.7126059532165527,0.00965250979467723,0.8063215332609478,0.8418925392229959,0.14330548793587813,0.1572895890464179
2005-02-28,1.3217023611068726,1.9192017316818237,,0.7275902032852173,0.009566631700736796,0.8101757967575808,0.8592541665377742,0.14594278538862993,0.16078980484047273
2005-03-31,1.2966973781585693,1.889501929283142,,0.7125044465065002,0.009333582282030675,0.8267195960129538,0.8362602814029213,0.14149274620550975,0.15778345733647423
2005-04-30,1.287597894668579,1.9094902276992798,,0.7336757183074951,0.009555661590245748,0.7950389676388192,0.8368200469514994,0.14026229220931877,0.15836566995905446
2005-05-31,1.2307995557785034,1.8176862001419067,,0.7052186131477356,0.009225092121066666,0.7976389771867826,0.8015389808943124,0.13452613508382963,0.1550051198981549
2005-06-30,1.2091021537780762,1.7902858257293701,,0.6969126462936401,0.009020386022861206,0.8165265135793663,0.7793624760450277,0.12791649981899633,0.15287013467925112
2005-07-31,1.2124004364013672,1.7582108974456787,,0.6834803223609924,0.008893631966266732,0.828020194015905,0.7760360273683665,0.12893576801998832,0.1543329004181184
2005-08-31,1.234095573425293,1.8033939599990845,,0.6956037878990173,0.009037505523812571,0.8413259692224186,0.7977662641986016,0.1323434065639339,0.15696369050051545
2005-09-30,1.2028049230575562,1.7646021842956543,,0.6930967569351196,0.008813678900662472,0.8599931537696351,0.7730962824026253,0.12911889116275724,0.15286312583965667
2005-10-31,1.1988970041275024,1.7687844038009644,,0.700721800327301,0.008588113870086955,0.8459520778881048,0.775434234345161,0.12560920089888222,0.15398829788444812
2005-11-30,1.1804981231689453,1.7309123277664185,,0.704820990562439,0.008352823169091902,0.8575593674721088,0.7610929329822228,0.12398331590480095,0.14855529642708967
2005-12-31,1.184104561805725,1.7206965684890747,,0.682593822479248,0.0084760126423681,0.8608815473645007,0.7599361837571519,0.12600012484944317,0.14832393721790346
2006-01-31,1.2148454189300537,1.7785998582839966,,0.686294674873352,0.008524422647784321,0.8781944257749179,0.7821666254072906,0.1317453587627212,0.15061374783369283
2006-02-28,1.1930042505264282,1.7542012929916382,,0.6630420088768005,0.008636324312058113,0.8795848760953121,0.7628347094827086,0.12660310810137776,0.14828434647969344
2006-03-31,1.2115044593811035,1.7377101182937622,,0.6139112114906311,0.008491847672040219,0.856604418259383,0.7666948078471029,0.12828736243905722,0.1526368043765231
2006-04-30,1.2635995149612427,1.8259837627410889,,0.6360109448432922,0.008785802167292339,0.8955758259027706,0.8074935514935238,0.1361563062387206,0.1629327952874891
2006-05-31,1.2816076278686523,1.8716076612472534,0.752785325050354,0.6356067061424255,0.008886519246847968,0.9083476709685167,0.8211528843939107,0.13838915350514253,0.16436554599225195
2006-06-30,1.2782983779907227,1.8490097522735596,0.7427765130996704,0.6100164651870728,0.00873438744570412,0.8971023917681314,0.8175946720238563,0.1390201835781931,0.16074069338984373
2006-07-31,1.277400255203247,1.8682161569595337,0.7658727169036865,0.6193100810050964,0.008732861595883285,0.8844861326675214,0.8128099170350596,0.13885031663456524,0.16247481803480768
2006-08-31,1.2809016704559326,1.9030944108963013,0.7633005380630493,0.6560819149017334,0.008520790685065798,0.9055510096572152,0.8124136485672708,0.13797099832183637,0.15820531977940672
2006-09-30,1.2662074565887451,1.8717128038406372,0.7464914917945862,0.6532105207443237,0.00847745004884145,0.8953353293694385,0.7984031571377285,0.13627133926303536,0.15290987101306566
2006-10-31,1.2766989469528198,1.9082876443862915,0.7750135660171509,0.6715014576911926,0.00856237684871059,0.8915039286882558,0.8041817487748812,0.1385214223672434,0.15295665594029798
2006-11-30,1.325100064277649,1.9664137363433838,0.7885813117027283,0.6838074326515198,0.008644536630030227,0.8758868128864226,0.8350730755439477,0.1463678828628125,0.16254084153005804
2006-12-31,1.3198009729385376,1.9592092037200928,0.7888302206993103,0.7050197124481201,0.008404773674447242,0.8585901718406929,0.8199409896404426,0.1459619629953038,0.16032835803551523
2007-01-31,1.3023037910461426,1.9634021520614624,0.7756748795509338,0.6896076202392578,0.008282259546900905,0.8509190030078233,0.8035355299707662,0.14384143334423896,0.16013322851997455
2007-02-28,1.322891354560852,1.9640191793441772,0.7870917320251465,0.701311469078064,0.008422470914902084,0.8546278288137855,0.8202772547384495,0.14293678010698693,0.16308424467644744
2007-03-31,1.3358982801437378,1.9525147676467896,0.8093234300613403,0.7146941423416138,0.008488243958265444,0.8663259309901817,0.8239267972294965,0.1432459543976736,0.16457654432356056
2007-04-30,1.3652063608169556,2.0,0.8298754692077637,0.7412898540496826,0.008378016042949604,0.9012257091991522,0.8290499063136746,0.1493049847662286,0.16818595125960303
2007-05-31,1.3456052541732788,1.9798059463500977,0.8284317851066589,0.7376807332038879,0.008213552361396304,0.9344921473480805,0.8162598702096862,0.14471780348512076,0.1658044852199217
2007-06-30,1.3536012172698975,2.008314371109009,0.8481764197349548,0.7713074088096619,0.0081195190830256,0.9394081955744628,0.8186655489067928,0.14628009205282358,0.16961226308877858
2007-07-31,1.3672035932540894,2.029385566711426,0.8520064949989319,0.7616726756095886,0.008444519637412407,0.9373828286549721,0.8324315151924114,0.14838997228202636,0.171438362525064
2007-08-31,1.3642005920410156,2.017186403274536,0.8165265321731567,0.7027900815010071,0.00863781661049129,0.946880020552625,0.8277460740415917,0.14502632413890204,0.17192469145771652
2007-09-30,1.4264928102493286,2.046203374862671,0.8858965039253235,0.7571169137954712,0.008715356620341732,1.0042176959351525,0.8598452370250732,0.15538807823404208,0.1856596504150259
2007-10-31,1.4471989870071411,2.079780340194702,0.9317927956581116,0.7723796963691711,0.008666262286935322,1.0563008602284583,0.8624407050733397,0.15743568839151725,0.18624747769299707
2007-11-30,1.469594120979309,2.0566821098327637,0.8855043053627014,0.7652280330657959,0.008947744997186423,0.999600212727344,0.8833142057229515,0.15655086922358338,0.18021914675469639
2007-12-31,1.4601097106933594,1.9866102933883667,0.874278724193573,0.7659900188446045,0.008956560558292638,1.002405754787715,0.8833922499637739,0.15483471613773192,0.18398586262805589
2008-01-31,1.4865025281906128,1.9906044006347656,0.8954154849052429,0.787587583065033,0.009411676174059427,0.9987017104444031,0.9253261433452219,0.1571215323760778,0.1849386051860187
2008-02-29,1.519202709197998,1.9866102933883667,0.9297136068344116,0.7982119917869568,0.00963669685217068,1.0131712376847262,0.9595087598012813,0.16221125955377888,0.1918060398883746
2008-03-31,1.5757957696914673,1.9842058420181274,0.9138261675834656,0.7849293351173401,0.01001502268684739,0.9753242706526339,1.005530436098036,0.1680954815730769,0.19608228501117084
2008-04-30,1.5622069835662842,1.9877949953079224,0.9437523484230042,0.7822889685630798,0.00962065740229185,0.9920634761073485,0.9661836060385093,0.16742005553280784,0.19688526983390828
2008-05-31,1.5540982484817505,1.982789397239685,0.9564801454544067,0.7838219404220581,0.009478672985781991,1.0066438720195727,0.96024586373281,0.16670001220152467,0.19597084367042766
2008-06-30,1.57500159740448,1.992984652519226,0.9580379128456116,0.761904776096344,0.009423294139824252,0.9810654524853962,0.9794319029503306,0.16626210109303263,0.19651770011679634
2008-07-31,1.5593082904815674,1.9831039905548096,0.9405568242073059,0.7320108413696289,0.009275577614743095,0.9773260024438369,0.9546539249103256,0.16531111393485085,0.19493937982723505
2008-08-31,1.4670931100845337,1.8217922449111938,0.856531023979187,0.6993985176086426,0.00919202124813359,0.9365049239976618,0.9124919667802159,0.155151813591024,0.184467810237283
2008-09-30,1.409641981124878,1.7820864915847778,0.7925814390182495,0.6693888902664185,0.00942773642761494,0.9404683412621206,0.8921402166654561,0.14469686479040794,0.17060770093539449
2008-10-31,1.2701960802078247,1.607303500175476,0.6689858436584473,0.5824111700057983,0.010158471913846437,0.8297378325313182,0.8624407050733397,0.12885269751112358,0.1489425031989778
2008-11-30,1.269792914390564,1.5385088920593262,0.6541078090667725,0.550297200679779,0.010471204188481676,0.8093234091309917,0.8348638891307864,0.12341261219611921,0.14276536691069355
2008-12-31,1.3979953527450562,1.4656095504760742,0.7055171132087708,0.5803157091140747,0.011031439417179914,0.8224360932685524,0.9588647352299754,0.12771392206178786,0.14365752117972844
2009-01-31,1.2836971282958984,1.456303596496582,0.6384880542755127,0.5088022947311401,0.011123470334003684,0.8152616651571942,0.8616975073395118,0.11957858474832955,0.1448100077799528
2009-02-28,1.2678931951522827,1.4272053241729736,0.6422194838523865,0.5016051530838013,0.010243802211273887,0.7844368094887157,0.8547739557799644,0.11094592399829228,0.14234875251595233
2009-03-31,1.3246963024139404,1.434493899345398,0.6918021440505981,0.5601927042007446,0.010104071816367868,0.7923930490969424,0.8780401821853661,0.12123710930169827,0.14860607752678454
2009-04-30,1.323521614074707,1.4788086414337158,0.7266914248466492,0.5650036931037903,0.010132738628654055,0.8376612690627022,0.8770391014200041,0.12415111831507708,0.1527323823730911
2009-05-31,1.4157087802886963,1.6186991930007935,0.8010253310203552,0.6411900520324707,0.010478885013120592,0.9165903169929188,0.9376465525431875,0.1326611814579805,0.15912923992347477
2009-06-30,1.4038830995559692,1.6466867923736572,0.8061915636062622,0.6457862854003906,0.010380874139108244,0.8605111751147702,0.9209798787947456,0.12977069194385996,0.155593588435894
2009-07-31,1.4260046482086182,1.670508861541748,0.8356313109397888,0.6645843386650085,0.010566356788347341,0.9272136948865682,0.9362419463135188,0.13926606723068546,0.16347882673895694
2009-08-31,1.434267520904541,1.629195213317871,0.8428860306739807,0.6859180927276611,0.010767739532954883,0.9140767975894879,0.9450902694078156,0.14058567891726975,0.16651125683782073
2009-09-30,1.465502142906189,1.6002048254013062,0.8837825655937195,0.7233796119689941,0.011127183369737155,0.9358913998394328,0.9665571053505452,0.14381867624126513,0.17358097081261709
2009-10-31,1.4732965230941772,1.6447908878326416,0.9009820818901062,0.7194762229919434,0.011100011551220517,0.9219989175980877,0.9741841334698115,0.14137872081553363,0.17458100058713905
2009-11-30,1.5038950443267822,1.6457926034927368,0.9175995588302612,0.7181844115257263,0.011594202898550725,0.9489466810484037,0.9969095429581848,0.14377731365287746,0.17670654170422917
2009-12-31,1.4327058792114258,1.6182016134262085,0.898311197757721,0.7263219356536865,0.010763103654981565,0.9503896961114681,0.9669310049982145,0.14128084812486677,0.17301037434272992
2010-01-31,1.3866932392120361,1.5984909534454346,0.8843296766281128,0.7019021511077881,0.011077877890635876,0.9345793934386541,0.9426848050290859,0.13555095076250448,0.16884477003994658
2010-02-28,1.3631035089492798,1.523902416229248,0.8958967924118042,0.6987143754959106,0.01124593770616058,0.9510223826644405,0.9317059501240241,0.14050074131045465,0.1693107340472933
2010-03-31,1.3508037328720093,1.5183724164962769,0.9155831933021545,0.7070136070251465,0.010692900298282253,0.9846396548142079,0.9490727242714772,0.13858669003371568,0.16836434454176988
2010-04-30,1.3298048973083496,1.5300110578536987,0.9248127341270447,0.7274843454360962,0.010657571997073461,0.9823182646781121,0.9297136239611996,0.13804146328090047,0.16940539059450602
2010-05-31,1.2287880182266235,1.4522007703781128,0.8465966582298279,0.6811988949775696,0.01096611441196688,0.9586808556692182,0.8648275052947257,0.1278494429228666,0.15477240474456322
2010-06-30,1.223002314567566,1.4944332838058472,0.8413259983062744,0.6854949593544006,0.01130837947019062,0.9410878829132794,0.9278158907813772,0.12845875550802796,0.15336953381820043
2010-07-31,1.3039000034332275,1.5687997341156006,0.9044044613838196,0.726374626159668,0.011568717859278805,0.9716284890754735,0.9607994078019549,0.1387328175122239,0.1647175067802614
2010-08-31,1.266592264175415,1.54659903049469,0.8918219804763794,0.7035812139511108,0.011829839911954914,0.9434050833792462,0.9754764754872901,0.1351150475683889,0.1587301539245438
2010-09-30,1.3628062009811401,1.57957923412323,0.9693679809570312,0.7363770008087158,0.01193801797679413,0.9691800439172648,1.0238558327999103,0.14896691085903566,0.17084379475465286
2010-10-31,1.377808928489685,1.5774115324020386,0.9727626442909241,0.7468817830085754,0.012243048880843429,0.9727247480091491,1.0103255179093655,0.14758622524248094,0.1694886460939982
2010-11-30,1.3103927373886108,1.5556211471557617,0.9607070684432983,0.7443799376487732,0.0118688730040006,0.9810654524853962,0.9989012644330354,0.1428346961127736,0.16231922107281746
2010-12-31,1.3301233053207397,1.5437101125717163,1.0157749652862549,0.7714858651161194,0.012272949911641165,1.0004001668405333,1.0700909817564497,0.14820303941908053,0.1703345364994688
2011-01-31,1.3572757244110107,1.5829297304153442,0.9873617887496948,0.7694675326347351,0.01218190059471713,0.9977052539384974,1.0617965617144771,0.15306668815429988,0.17154423941881064
2011-02-28,1.373437762260437,1.610046625137329,1.01449716091156,0.7521058917045593,0.01225159858628786,1.0229132795078666,1.077586237903725,0.15552825417986188,0.17701621585668414
2011-03-31,1.4121301174163818,1.6074068546295166,1.0319172143936157,0.7620790004730225,0.012026457987361171,1.0293360999541998,1.0886130798905314,0.15828043675592549,0.17940115836672088
2011-04-30,1.4844063520431519,1.665001630783081,1.093900442123413,0.8041170835494995,0.012265423954034606,1.0524099953888262,1.1456065866784952,0.16667778036258413,0.19118996322708914
2011-05-31,1.4322338104248047,1.6487774848937988,1.070297122001648,0.8188666701316833,0.012363996463386876,1.0238977602090025,1.1755024986025455,0.16126951511917084,0.1847540909229062
2011-06-30,1.4478904008865356,1.6075878143310547,1.0692671537399292,0.8261731863021851,0.012390038549664466,1.033698558108582,1.2003360640144283,0.15815027213901856,0.18644541399306103
2011-07-31,1.4331985712051392,1.6368486881256104,1.1000010967254639,0.8706251382827759,0.01286504511530809,1.0530749996673288,1.2480499517062886,0.15823285797249814,0.1852160604687932
2011-08-31,1.4433138370513916,1.6307626962661743,1.0676004886627197,0.8523696064949036,0.013037640277825717,1.021867948367493,1.220852121542534,0.15730195323062568,0.1865950141546573
2011-09-30,1.3585848808288574,1.5599408149719238,0.9764671921730042,0.7691715955734253,0.0130267701159501,0.964041269651921,1.1140447917665468,0.14694428832794074,0.17249706151126742
2011-10-31,1.4140071868896484,1.6111880540847778,1.0673953294754028,0.8196049332618713,0.013203063483031244,1.0063399138170965,1.1596892318949763,0.15669315189227823,0.18417224134457597
2011-11-30,1.3324095010757446,1.5597946643829346,1.0018032789230347,0.7634170055389404,0.01282709096643859,0.9688795975999215,1.0855523557289277,0.145192667505543,0.17109225307678588
2011-12-31,1.2956053018569946,1.5415922403335571,1.0140959024429321,0.7720815539360046,0.012876808148605156,0.980103861513931,1.0636147817791954,0.1451210309558714,0.16681680682001404
2012-01-31,1.3139568567276,1.570845127105713,1.05860435962677,0.8194034695625305,0.013095861603024101,0.9976057057768815,1.0951702939486174,0.14822500522319215,0.17194243813923393
2012-02-29,1.3477997779846191,1.5922045707702637,1.0799602270126343,0.8401949405670166,0.01242544679782058,1.0063399138170965,1.1184431141636593,0.15281407081679213,0.17991759050412823
2012-03-31,1.3313806056976318,1.595914363861084,1.0374951362609863,0.8175278306007385,0.01215465545318591,1.0036130081693777,1.104484232517106,0.15021330605766284,0.17441961235909173
2012-04-30,1.3241524696350098,1.6281341314315796,1.0456314086914062,0.8235875368118286,0.012445550951965199,1.0194719243525963,1.102414260747678,0.14889372243677837,0.17443178410819543
2012-05-31,1.2374706268310547,1.5482993125915527,0.9704968333244324,0.7518796920776367,0.012661112296566308,0.9707795472916948,1.0302162585031507,0.13789679689024165,0.164325041305516
2012-06-30,1.2440905570983887,1.5518311262130737,1.0033713579177856,0.7870917320251465,0.012608272986348028,0.9676794495378132,1.0360868792467004,0.1420878392871976,0.16500560994147723
2012-07-31,1.2259409427642822,1.5713387727737427,1.0498688220977783,0.809192419052124,0.012803933708539753,0.998651774960586,1.0208248136396552,0.1473470219123639,0.16553851569995734
2012-08-31,1.2510946989059448,1.5790305137634277,1.0280978679656982,0.7980208992958069,0.012733987209275665,1.0074551441431352,1.0418837203929858,0.14964682839864024,0.1719601743846617
2012-09-30,1.2913223505020142,1.6232975721359253,1.0437650680541992,0.8306337594985962,0.012884937406721534,1.0196798038778088,1.0669853653746624,0.1532823096895392,0.17520529364016627
2012-10-31,1.2962603569030762,1.6074585914611816,1.0366023778915405,0.8222332000732422,0.012549571102666985,1.0004902500120014,1.0726621595019208,0.1506995523821918,0.17452920476708988
2012-11-30,1.2973533868789673,1.6041065454483032,1.0429377555847168,0.8227744102478027,0.012172706213102598,1.007049374916528,1.0778184956977435,0.15000600123572524,0.17585509315996747
2012-12-31,1.3227688074111938,1.616292119026184,1.039198637008667,0.822638988494873,0.011633317946144958,1.0056315119151744,1.0957703495558422,0.15381302503134714,0.17934968430072804
2013-01-31,1.3568336963653564,1.579778790473938,1.0418837070465088,0.8361204266548157,0.010986475199083343,0.997804821969337,1.0976948247466443,0.15752000216320805,0.18281536350204564
2013-02-28,1.3150973320007324,1.5167601108551025,1.0232272148132324,0.8263097405433655,0.01083388389100355,0.9770872865440908,1.0769943123595078,0.15565413678594758,0.17602380387820238
2013-03-31,1.2815911769866943,1.5197569131851196,1.0418294668197632,0.837520956993103,0.010616838030364001,0.9843488378942611,1.0534743264070658,0.15344718967610135,0.17126513293808826
2013-04-30,1.3095861673355103,1.549426794052124,1.0344042778015137,0.8550662994384766,0.010218262243680045,0.9884352735527301,1.0671219797519758,0.15296133042934526,0.17214963603292885
2013-05-31,1.3043931722640991,1.5229045152664185,0.9669309854507446,0.8090615272521973,0.00989119698410256,0.9706852995113137,1.0485477547448565,0.15228812480534204,0.17158839573778153
2013-06-30,1.3035939931869507,1.5258322954177856,0.9281604290008545,0.7799704074859619,0.010154758733834719,0.9543806571938623,1.058324224431236,0.1484102290758513,0.1655895048656256
2013-07-31,1.3264886140823364,1.5242043733596802,0.9072763323783875,0.7992966771125793,0.010202416052801738,0.970760673803501,1.0757083220807626,0.15266499400085345,0.16855163715914068
2013-08-31,1.3236267566680908,1.550652027130127,0.8926180005073547,0.7760962843894958,0.010173767975652876,0.948856624672511,1.073767869313438,0.15170133337036978,0.1642009213219839
2013-09-30,1.349545955657959,1.6168932914733887,0.9301460981369019,0.8267879486083984,0.010222126452177642,0.9697439393373642,1.104728231267074,0.15531809647583825,0.1666452779671417
2013-10-31,1.3724011182785034,1.602615475654602,0.9470324516296387,0.825218677520752,0.010151562443122455,0.9543806571938623,1.1108025330765219,0.15631838666668754,0.16939391019316372
2013-11-30,1.360396146774292,1.6340937614440918,0.9084302186965942,0.8114906549453735,0.009775935574532,0.9447330669322118,1.1038868000604278,0.15281430465568194,0.16433529116112608
2013-12-31,1.3810056447982788,1.6495118141174316,0.8919811248779297,0.8217602372169495,0.009529799855444733,0.9394081955744628,1.1271415716465703,0.1559819115748561,0.1647500768503011
2014-01-31,1.3558770418167114,1.6498383283615112,0.8795848488807678,0.8175946474075317,0.009731602099297356,0.8963866843865096,1.1080700833911568,0.15356265158361632,0.16026667909783354
2014-02-28,1.3707455396652222,1.6691983938217163,0.8961697816848755,0.8366100788116455,0.009793360043312186,0.8990379983214458,1.125745804542259,0.15352021521432452,0.1656372286327073
2014-03-31,1.3752131462097168,1.6643919944763184,0.9260116219520569,0.8669267892837524,0.009719211972059341,0.90497735994473,1.1276499887249896,0.15388948204569386,0.16665277331994274
2014-04-30,1.3813681602478027,1.6824253797531128,0.9274716973304749,0.8562377095222473,0.009750009465703617,0.9130752852636433,1.1322463898933413,0.15249248609015936,0.16653344427346733
2014-05-31,1.360451579093933,1.6724364757537842,0.9310986995697021,0.8495455384254456,0.009830908257956936,0.9227134962257065,1.113709785451156,0.1506053544545684,0.16764796638650087
2014-06-30,1.3644425868988037,1.7034034729003906,0.9417082667350769,0.8775778412818909,0.0098577525524511,0.9376025358589093,1.1223344899043042,0.1484516524755899,0.16322532911608956
2014-07-31,1.3396027088165283,1.6910173892974854,0.9325748682022095,0.8490405678749084,0.009723843208963218,0.9168423692995922,1.1004732164128117,0.14532475233349898,0.1599457459421952
2014-08-31,1.3184958696365356,1.6589525938034058,0.9355412125587463,0.8377314805984497,0.009643573602071038,0.9212344525498708,1.0928483807526714,0.14358532660213214,0.16194830462762505
2014-09-30,1.269083857536316,1.624220371246338,0.8716875910758972,0.7764578461647034,0.009141603488249309,0.8960894640100558,1.0516352727355924,0.13827050964450968,0.15525539549278208
2014-10-31,1.2613362073898315,1.600102424621582,0.8824567198753357,0.7841907143592834,0.009156419322537301,0.8933356960782978,1.0459157133830104,0.13619154221553875,0.14920474016920882
2014-11-30,1.246199131011963,1.5724753141403198,0.8524422645568848,0.7859163880348206,0.008486083087890058,0.8819119491354094,1.0366561389680928,0.13438800728116176,0.14427682852294077
2014-12-31,1.2162047624588013,1.5569047927856445,0.818397581577301,0.7835148572921753,0.00837114298303335,0.861712378215419,1.0115928604905569,0.12899430485597296,0.13483776598309666
2015-01-31,1.13355553150177,1.5079090595245361,0.7782101631164551,0.7282790541648865,0.008456802573481827,0.7928956856292496,1.0840108232987542,0.12105951551764287,0.1279705146061622
2015-02-28,1.1205360889434814,1.5418059825897217,0.780579149723053,0.7539203763008118,0.008376823083199047,0.7998080142238806,1.0497585530099658,0.11915825933594398,0.13071365667981583
2015-03-31,1.0830246210098267,1.4809110164642334,0.7658140659332275,0.7501313090324402,0.008332430619444813,0.7890604342810057,1.0337412955383765,0.11642935010593915,0.1248798037129428
2015-04-30,1.1114321947097778,1.542686104774475,0.7994883060455322,0.7605719566345215,0.008405480286958089,0.8320574819984398,1.063490389218399,0.11988525234731116,0.1329214524745493
2015-05-31,1.0960345268249512,1.531909704208374,0.7658140659332275,0.718339204788208,0.008076239722699666,0.8048225215771881,1.0604453661498086,0.1182648215909633,0.12834318327999858
2015-06-30,1.122296690940857,1.573192834854126,0.767283022403717,0.6839009523391724,0.008151952514279538,0.8056784496443286,1.0800302613154196,0.12148425036384705,0.12704494520743295
2015-07-31,1.0939244031906128,1.5604275465011597,0.7294477820396423,0.6608075499534607,0.008059901241120992,0.7688995524060376,1.0327378039464516,0.11603082290044525,0.12259393949313974
2015-08-31,1.1214030981063843,1.5418059825897217,0.7140816450119019,0.6462870836257935,0.008244770654574605,0.7554011363874794,1.0404744755553974,0.11852020642835942,0.12085527290162448
2015-09-30,1.1255937814712524,1.5157945156097412,0.7003781795501709,0.6354047656059265,0.008343066868912032,0.745212017796022,1.0298661007151513,0.11936949243922786,0.11811716080218325
2015-10-31,1.0993843078613281,1.532379150390625,0.7090187072753906,0.6706008911132812,0.008264462809917356,0.7599361837571519,1.0114291773877564,0.11741484793219838,0.11691544008197426
2015-11-30,1.0583018064498901,1.5038950443267822,0.7183908224105835,0.6526989340782166,0.008141333429070856,0.7481110405980459,0.9706852995113137,0.11440586797919655,0.11488574709218242
2015-12-31,1.093398094177246,1.481920599937439,0.7284913063049316,0.684415876865387,0.008302200293369071,0.7208765870187855,1.012145773900875,0.11891596420418268,0.11386590771698625
2016-01-31,1.0936970710754395,1.4362038373947144,0.7086167335510254,0.6480041146278381,0.00840830738614301,0.7125399988991596,0.9863878233910538,0.11760236861032787,0.11608132964099317
2016-02-29,1.0923947095870972,1.3861935138702393,0.7128092050552368,0.6591957807540894,0.008798169697168224,0.7381708294589067,1.0033109372879832,0.11683730250522917,0.11506010618120417
2016-03-31,1.1334655284881592,1.4374011754989624,0.7661073803901672,0.690321683883667,0.008899489382019435,0.7706178854723243,1.0363230986137342,0.12296342299728973,0.12035692395279274
2016-04-30,1.135589361190796,1.4611338376998901,0.7634170055389404,0.6963788270950317,0.00925274837447568,0.7966222927916036,1.0349824116328132,0.12398579345215636,0.12293497978842179
2016-05-31,1.1148396730422974,1.4635074138641357,0.7195797562599182,0.6710057854652405,0.009021932039257299,0.7669888097055637,1.008776367674981,0.1201712232727226,0.12005738063514625
2016-06-30,1.1128050088882446,1.3465837240219116,0.7469933032989502,0.7124029397964478,0.009729708704077805,0.7731381076834755,1.0211688492548492,0.11833535829936258,0.11928844848204648
2016-07-31,1.108438491821289,1.316187858581543,0.751258373260498,0.709069013595581,0.009546994832960003,0.7603464383278921,1.0208978016386485,0.11585605897634862,0.11691722603908576
2016-08-31,1.1153244972229004,1.3090718984603882,0.7524454593658447,0.7241129279136658,0.009721196453578898,0.7641345537223809,1.0172008837656357,0.1172114395886171,0.11991845907085655
2016-09-30,1.121956706047058,1.2963443994522095,0.7628347277641296,0.7245851755142212,0.00988152081273458,0.7603001971126638,1.0350895593587253,0.11665208204146484,0.12422359954114642
2016-10-31,1.0984665155410767,1.2215979099273682,0.7598206996917725,0.716589093208313,0.009563429222510248,0.7461573192656522,1.0127710615728747,0.11102846199189366,0.12108297260305134
2016-11-30,1.0648492574691772,1.249219298362732,0.7484470009803772,0.7134703397750854,0.008891259795024552,0.7445351239696928,0.9884744083458523,0.10899015802375511,0.11727412722107082
2016-12-31,1.0575296878814697,1.2288031578063965,0.7234842777252197,0.6972042322158813,0.008600892899092534,0.741944322830293,0.9831875165332423,0.11030089396681536,0.11643232357867368
2017-01-31,1.0708587169647217,1.25,0.7565441131591797,0.7295223474502563,0.00879894400856909,0.763224767596342,1.0056719599884743,0.1133713581888192,0.12041808517540893
2017-02-28,1.0584250688552856,1.2439358234405518,0.7676364183425903,0.7185301780700684,0.00886957271399167,0.7583283741516997,0.9906188533650258,0.11035457084760375,0.11945261970739932
2017-03-31,1.0687072277069092,1.2478474378585815,0.7655209302902222,0.7003585696220398,0.008946464279122697,0.750046852177446,0.9995601920284298,0.11194786266076459,0.11681574773816096
2017-04-30,1.0864251852035522,1.2893576622009277,0.746720016002655,0.688349723815918,0.008990703780208461,0.7337887777467826,1.0056618928762386,0.11315852462770468,0.11674209726645117
2017-05-31,1.117168664932251,1.2809016704559326,0.7459346652030945,0.7086418867111206,0.009022095364302412,0.742379458146524,1.0247581859576524,0.11453310471335376,0.1183530022857348
2017-06-30,1.144164800643921,1.3011176586151123,0.7685213685035706,0.7309620976448059,0.008927853797675456,0.7696688764447105,1.0467916128469508,0.11826901006933772,0.11940155744825538
2017-07-31,1.1747292280197144,1.3144922256469727,0.7985944747924805,0.7520097494125366,0.009048954670793117,0.8024780501617659,1.031810751972912,0.123353842584848,0.12634238848004797
2017-08-31,1.1893434524536133,1.2920564413070679,0.7907013297080994,0.7203884720802307,0.009053050953180479,0.7919286530419118,1.0376673276553987,0.12545477049213768,0.12817226277015373
2017-09-30,1.178175449371338,1.343021035194397,0.7846275568008423,0.7222824096679688,0.008891496834568245,0.8040976484149027,1.0303117916582483,0.12322540659086513,0.1259398261447743
2017-10-31,1.1652703285217285,1.3212482929229736,0.7697636485099792,0.6882407069206238,0.00884987061979613,0.7797696239650419,1.0053080444220952,0.11978329305814454,0.12271158314555394
2017-11-30,1.18519926071167,1.3417235612869263,0.7566586136817932,0.688477635383606,0.008928412080222197,0.7774840334445904,1.0157956398303982,0.11949344377822166,0.1212079878886336
2017-12-31,1.1941723823547363,1.344085931777954,0.7794293165206909,0.7093405723571777,0.008859357696566999,0.795829880449173,1.0217635825297182,0.12127503856000696,0.12123518893166531
2018-01-31,1.2409565448760986,1.4155884981155396,0.8101101517677307,0.7339880466461182,0.009196924357416203,0.8106289446807105,1.069987929706837,0.1268156851590082,0.12956221154882158
2018-02-28,1.2230321168899536,1.3906078338623047,0.7793624997138977,0.7235209345817566,0.009308733236883441,0.783017919524324,1.0645545648098338,0.12157907539814407,0.12706480489725705
2018-03-31,1.2302846908569336,1.4029377698898315,0.768580436706543,0.7229194045066833,0.009391523539533613,0.775975798858118,1.0460251369504043,0.11969310560607123,0.1275754285998635
2018-04-30,1.2122827768325806,1.37710702419281,0.7575184106826782,0.7084109783172607,0.009166070907955856,0.7788283234168663,1.0120330672435047,0.11534224464049432,0.12549633884834904
2018-05-31,1.1667250394821167,1.328356385231018,0.7571169137954712,0.698460578918457,0.009198616698501428,0.7756086718377561,1.011551934748294,0.11348200545020465,0.12218814305079524
2018-06-30,1.1562966108322144,1.3075141906738281,0.7346459031105042,0.6752604842185974,0.009050920473612726,0.7544208845402414,1.0024158167074282,0.11072566144415924,0.12209311938409446
2018-07-31,1.1707408428192139,1.3135426044464111,0.7407297492027283,0.6823609471321106,0.009009495741261843,0.7675774903810424,1.0120637751827326,0.11424967754180843,0.12297627216681621
2018-08-31,1.1664663553237915,1.301100730895996,0.7261636853218079,0.6648715138435364,0.009009090127398976,0.7700660273660235,1.0324179493060206,0.1096693194573263,0.11980754487172895
2018-09-30,1.1637378931045532,1.3078734874725342,0.7205129861831665,0.661808967590332,0.008821687060154884,0.767082932315873,1.0235624370538865,0.11296958434946518,0.12261514171458854
2018-10-31,1.1346358060836792,1.2708903551101685,0.7099247574806213,0.6559011340141296,0.008845486879698355,0.7625438137753536,0.9950248803429337,0.10905957830440613,0.11895698901919953
2018-11-30,1.1392766237258911,1.2784454822540283,0.7321876883506775,0.686582088470459,0.008817486597887239,0.7532956766674057,1.0041169041086986,0.11032656505854775,0.11723205277732064
2018-12-31,1.1439945697784424,1.269357681274414,0.7044734358787537,0.6707717776298523,0.009063717786674858,0.7341065805592073,1.016673423394762,0.1113573385432967,0.11484351965877793
2019-01-31,1.1487650871276855,1.3117163181304932,0.7254682779312134,0.6899882555007935,0.009175911161005626,0.7609770789052812,1.0065425322189054,0.11071745412025968,0.11880012526075219
2019-02-28,1.1380189657211304,1.3318239450454712,0.7148473858833313,0.6853587031364441,0.009020223380458641,0.7607455455219431,0.9995002860784753,0.10795021163811452,0.11705626777764382
2019-03-31,1.1230024099349976,1.30565345287323,0.7083156108856201,0.6781821846961975,0.009038567483044583,0.7445739158838024,1.005196855356689,0.10769479791203293,0.11582386107887878
2019-04-30,1.1185182332992554,1.2932428121566772,0.7055171132087708,0.6670224070549011,0.008954395108311891,0.743234732807519,0.9810654524853962,0.1051516987863355,0.11556698442620439
2019-05-31,1.1131147146224976,1.2609704732894897,0.6906077861785889,0.6506688594818115,0.009144361854744374,0.739377029217202,0.9931473302102211,0.10488722015097063,0.11395297305503654
2019-06-30,1.1372941732406616,1.267748475074768,0.7003781795501709,0.6701918840408325,0.009281000721183718,0.7636910698410776,1.0239082582200276,0.10789814823770899,0.11753643113071716
2019-07-31,1.1157974004745483,1.2161602973937988,0.6875215172767639,0.6617783308029175,0.009211326547120133,0.7605951071202609,1.0104071743345788,0.10455581010969936,0.11423649631283082
2019-08-31,1.1061947345733643,1.218650221824646,0.673582136631012,0.6317797899246216,0.009395140520686554,0.7529553689958899,1.0144045158770372,0.10232723174789178,0.10997881868130427
2019-09-30,1.0942714214324951,1.2293167114257812,0.6760868430137634,0.6286382675170898,0.00926406282644951,0.7555723248188689,1.0091835907910371,0.10222230887714714,0.11026817252873652
2019-10-31,1.1154489517211914,1.290172815322876,0.6897883415222168,0.6409598588943481,0.009192105695750503,0.7595667415010842,1.011009904961351,0.10369023460081708,0.10900691553787453
2019-11-30,1.101176142692566,1.29128897190094,0.6769000291824341,0.6420091986656189,0.009131419301311826,0.7530290435572567,1.0016427158908687,0.10472849071664452,0.10912384018142904
2019-12-31,1.120229721069336,1.3113033771514893,0.7001398801803589,0.6734777688980103,0.009185013638909946,0.76566163366732,1.0323859302691571,0.10701276212016668,0.1134278081894675
2020-01-31,1.1029127836227417,1.3089004755020142,0.6708257794380188,0.6485421061515808,0.00918467637876307,0.7569277601452821,1.0315552735148013,0.10372582675906647,0.10881985045697393
2020-02-29,1.0997228622436523,1.2888922691345215,0.6580203175544739,0.6311696767807007,0.009119095081204417,0.7470380236879738,1.032258064516129,0.10350713209681958,0.1065313242890375
2020-03-31,1.1030466556549072,1.2371643781661987,0.6168993711471558,0.6009796261787415,0.009256259231754212,0.7052832547892391,1.0416666899497316,0.0997325155701276,0.0949431346782802
2020-04-30,1.087725043296814,1.2471472024917603,0.6555013060569763,0.6142000555992126,0.00937998306232917,0.7207571078529508,1.0267994448487519,0.10161795851186659,0.09703932588792877
2020-05-31,1.1079105138778687,1.2321492433547974,0.6633498668670654,0.6199781894683838,0.009289967958711128,0.7260054962283424,1.0373444127075127,0.10509169174335833,0.10229132545609015
2020-06-30,1.1247202157974243,1.2310571670532227,0.6871907711029053,0.6427395939826965,0.009294544418976097,0.7322467049104285,1.0514694467669814,0.1072598890081261,0.1034591529751502
2020-07-31,1.1872254610061646,1.311785101890564,0.7203676700592041,0.6696891784667969,0.009552649549850922,0.7455564925193788,1.1007154459874002,0.11519277654671484,0.11049845787579293
2020-08-31,1.1918240785598755,1.3356484174728394,0.7373000383377075,0.6745316982269287,0.009475529116402861,0.7645084538682025,1.1066844011817498,0.11606718280811527,0.11400948324883362
2020-09-30,1.1742050647735596,1.2866535186767578,0.714360237121582,0.6600921154022217,0.009463961104413762,0.747171965802526,1.0876185841977544,0.11153681485220183,0.10631556918963904
2020-10-31,1.1678695678710938,1.2931926250457764,0.7037599682807922,0.6629716753959656,0.009564435524487486,0.7510157629361549,1.0925259993355194,0.11218043597315011,0.1050102534053754
2020-11-30,1.1971460580825806,1.333191156387329,0.7400281429290771,0.7035019993782043,0.00960780915973012,0.7702617506446389,1.105913320240346,0.1176915056125295,0.1133744471977187
2020-12-31,1.2299896478652954,1.36306631565094,0.7689290642738342,0.7215397357940674,0.00969734562981697,0.7842706970097967,1.1343270100222724,0.12211845784825287,0.11722641717416381
2021-01-31,1.2120037078857422,1.3725008964538574,0.7669699192047119,0.717442512512207,0.00958855506696231,0.7793685583999538,1.1253543559547194,0.11985089959954298,0.11630746514467445
2021-02-28,1.2160420417785645,1.4008152484893799,0.7870000004768372,0.7365506291389465,0.009400351767313754,0.7930276856075434,1.1042769001371229,0.12041678528515924,0.11763459967870188
2021-03-31,1.1723604202270508,1.3746649026870728,0.7608798146247864,0.6992420554161072,0.009065772152063332,0.7923428279752688,1.0619205583261708,0.11470744828939669,0.11703695733555909
2021-04-30,1.2127091884613037,1.3952839374542236,0.777762234210968,0.7247374653816223,0.009182399233865981,0.8145843139018043,1.1001100358159008,0.11952443097214935,0.12225970393026257
2021-05-31,1.2190067768096924,1.4180374145507812,0.7710099816322327,0.7242912650108337,0.009098601736947728,0.827965355497403,1.1109753174221626,0.12034548644745215,0.11961149898220673
2021-06-30,1.1901928186416626,1.3842746019363403,0.7513599991798401,0.6989800930023193,0.009046907919385115,0.8066988463734744,1.0858942489704622,0.11739996674748408,0.1168714471593213
2021-07-31,1.1892997026443481,1.3964334726333618,0.739609956741333,0.7011098861694336,0.009140016189164418,0.803257995849943,1.1040939859668613,0.11693731855676909,0.11456879474933815
2021-08-31,1.1796904802322388,1.376045823097229,0.7291233539581299,0.6998194456100464,0.009095539527208481,0.7930905903237103,1.0902985216724992,0.11594740073836057,0.1153626117126426
2021-09-30,1.1601601839065552,1.3426424264907837,0.7179998159408569,0.6872379779815674,0.008933676625197872,0.7840800294391925,1.070377311278966,0.11372269334818726,0.11406137177439654
2021-10-31,1.1683608293533325,1.380071759223938,0.7531600594520569,0.7195124626159668,0.008801577450685192,0.8099724051936054,1.0970445958547457,0.11770092482537244,0.12005868652378524
2021-11-30,1.1293437480926514,1.3315047025680542,0.714580237865448,0.6830694675445557,0.008787037296505793,0.7850525890024425,1.083576258095151,0.11035894948841783,0.11097424515201523
2021-12-31,1.132502794265747,1.349837303161621,0.7249801754951477,0.6830414533615112,0.008690890809677368,0.7846583288886927,1.0944511512627222,0.11053619821830882,0.11361531872069214
2022-01-31,1.1152374744415283,1.3403388261795044,0.6997998356819153,0.6551920771598816,0.008675886163678584,0.7837543278312872,1.0739639025516252,0.1061324416627648,0.11123470806002271
2022-02-28,1.118105411529541,1.337327480316162,0.7186489701271057,0.6693216562271118,0.008651641717530948,0.7839939991609218,1.0792178270569426,0.1049046077547349,0.11204243306257039
2022-03-31,1.1161835193634033,1.3138878345489502,0.7503001093864441,0.6970681548118591,0.00819531039319195,0.8011344188548237,1.0834588375863996,0.10827655120861845,0.11681846767783166
2022-04-30,1.0504201650619507,1.2463854551315308,0.710883617401123,0.6493085026741028,0.007644616771824473,0.7809693391204788,1.0291242018593434,0.1011808790972753,0.10625298862369845
2022-05-31,1.0773539543151855,1.2647020816802979,0.7195202112197876,0.6558279991149902,0.007825706087992384,0.7901890278129581,1.0435907669064877,0.10260145555325721,0.10634711901839546
2022-06-30,1.04465913772583,1.2131799459457397,0.6880465745925903,0.6225099563598633,0.007321233532223716,0.776198669509808,1.0480202872426896,0.09786478894376967,0.10115928726894834
2022-07-31,1.0192328691482544,1.2173447608947754,0.7000839710235596,0.6295682787895203,0.007440642100528143,0.7808230067325744,1.0477567851636003,0.09799272000037382,0.10277080791406258
2022-08-31,1.0025062561035156,1.1659767627716064,0.6857398152351379,0.6132185459136963,0.007208038740568568,0.7639711526166757,1.0267783931446335,0.09372897172870714,0.10196164458581583
2022-09-30,0.9829555749893188,1.1169440746307373,0.6512998938560486,0.5742308497428894,0.006923721373461111,0.7312881647130739,1.0257146789148437,0.08978925672557134,0.09366891381324728
2022-10-31,0.9955002665519714,1.159595012664795,0.6401310563087463,0.5801911354064941,0.00676535074249456,0.7348564234218244,1.0036029222014065,0.09119228157857226,0.09693566822430424
2022-11-30,1.0324499607086182,1.1946860551834106,0.668408989906311,0.6196900010108948,0.007207467189395732,0.7361818381272077,1.0478775241378169,0.09439260354100092,0.09992455456747906
2022-12-31,1.066075325012207,1.2056326866149902,0.6766000390052795,0.6345902681350708,0.007523548686725407,0.7378984367151931,1.0835997032588436,0.0956736386723779,0.10121774901477913
2023-01-31,1.0850694179534912,1.2353609800338745,0.7058099508285522,0.6468890905380249,0.007664068317983991,0.747171965802526,1.08075396321812,0.09620749732845134,0.10022992425900709
2023-02-28,1.0611205101013184,1.2061562538146973,0.6743001937866211,0.6164202094078064,0.007335842119101991,0.7367025518201241,1.0688328542642838,0.09626306950718073,0.09676232815896182
2023-03-31,1.0904649496078491,1.2387275695800781,0.6716818809509277,0.6269789338111877,0.0075074509182182034,0.7395410311494534,1.0948345383514746,0.09658569224216575,0.09620454034169082
2023-04-30,1.1032048463821411,1.249750018119812,0.6630398035049438,0.6146394610404968,0.007473729730518764,0.735310352021409,1.1187183841265527,0.09726159580750816,0.09426919027870552
2023-05-31,1.073306918144226,1.241187572479248,0.6517800092697144,0.6046789884567261,0.00715348479693462,0.735310352021409,1.1039964855763733,0.09205704085236623,0.08943184150056521
2023-06-30,1.0868029594421387,1.2614636421203613,0.6619710922241211,0.606678307056427,0.00690703141615855,0.7547169539715406,1.1121738545923499,0.09208654119917582,0.09260442345935865
2023-07-31,1.1024264097213745,1.2853965759277344,0.6660805344581604,0.6160100698471069,0.0071043921568967544,0.7546600569426571,1.1496631503612857,0.0949893123254126,0.09814312807821604
2023-08-31,1.0932546854019165,1.271179437637329,0.6478782296180725,0.5952983498573303,0.006844673862820771,0.7388088653808672,1.1388094995187765,0.09230235655440075,0.09437015926746345
2023-09-30,1.0562450885772705,1.2204796075820923,0.6427974700927734,0.5964398384094238,0.0066962639024415165,0.7412349007972115,1.0931829190690165,0.09156402371882093,0.0932429586883156
2023-10-31,1.061503529548645,1.2165746688842773,0.637100100517273,0.584030270576477,0.006706413683474384,0.7231390303846376,1.1085737431243643,0.08975226660474195,0.0897882110843626
2023-11-30,1.0973695516586304,1.2696397304534912,0.6619009971618652,0.6155892014503479,0.006800916695827091,0.7358243468628769,1.145055671361719,0.09662330405449363,0.09387705441332078
2023-12-31,1.1068191528320312,1.2733986377716064,0.6826302409172058,0.6334887742996216,0.0070706360163111425,0.755880741332984,1.1857332478728706,0.10028993502524904,0.09822864021508498
2024-01-31,1.08433997631073,1.269551157951355,0.659480094909668,0.613180935382843,0.006785687475894274,0.7461739784726442,1.1602812828090603,0.09610441030905158,0.09581049299674688
2024-02-29,1.0838816165924072,1.2663036584854126,0.6494700312614441,0.6097100377082825,0.006637637804717974,0.7365125812218883,1.1380319240401113,0.0967899630037144,0.09442442779657274
2024-03-31,1.0794472694396973,1.26262629032135,0.6516780853271484,0.5974700450897217,0.006603275118058128,0.7387706718380388,1.10979169364984,0.09356584880783352,0.0922458165353575
2024-04-30,1.0715701580047607,1.2559815645217896,0.6561899185180664,0.5971611142158508,0.006397379823146652,0.7317055257470064,1.0980323372479424,0.0915041999434347,0.0910143374731946
2024-05-31,1.0835410356521606,1.27304208278656,0.6630301475524902,0.6116507053375244,0.006371333974718435,0.7308178572872279,1.107039664132568,0.09445510784487172,0.09477505097687602
2024-06-30,1.0708472728729248,1.2645741701126099,0.6650599241256714,0.6084686517715454,0.006223278933769692,0.7299642893379857,1.1129412901010596,0.0941327963529574,0.09385036047203713
2024-07-31,1.0816072225570679,1.2836971282958984,0.6541501879692078,0.5902003049850464,0.006550075404424879,0.7220424850060945,1.1337482720647265,0.0929315377738656,0.09136132978300272
2024-08-31,1.1080454587936401,1.3166210651397705,0.67958003282547,0.6263309121131897,0.006901787592052708,0.7413393178210693,1.180721211010117,0.09785089835731588,0.09523646039590247
2024-09-30,1.1169815063476562,1.338329792022705,0.6918787360191345,0.634981095790863,0.007003634652987408,0.740258187365464,1.189767999290843,0.0991803764022105,0.09537798233565886
2024-10-31,1.0859178304672241,1.2959579229354858,0.6572798490524292,0.5971112251281738,0.0065272449430932725,0.7190106417519138,1.1543345436821622,0.09367374205773922,0.09123088912304715
2024-11-30,1.0563008785247803,1.2696800231933594,0.6507400274276733,0.5896400213241577,0.006614894271812038,0.7139185560350129,1.1333499378411802,0.09161359913825678,0.09059940924999149
2024-12-31,1.040615200996399,1.254909873008728,0.621999979019165,0.5639712810516357,0.006369629804144769,0.6968738071117014,1.1071254287605932,0.09071257108114626,0.0882798010080932
2025-01-31,1.0397279262542725,1.2423903942108154,0.6215001940727234,0.5636406540870667,0.0064894189971760295,0.6899882460450697,1.0996636227540986,0.09052100146523757,0.0883662339212078
2025-02-28,1.039511799812317,1.259890079498291,0.623219907283783,0.5627208352088928,0.006666133668918481,0.6923529595283493,1.1112099017151238,0.09295710170037554,0.0889266713864635
2025-03-31,1.082391619682312,1.2938284873962402,0.6282907128334045,0.570711076259613,0.006683732267243225,0.6988559770390632,1.135267049577246,0.09991756564518009,0.09538153076215736
2025-04-30,1.1389262676239014,1.3410794734954834,0.6386919617652893,0.5936691164970398,0.007027456470592525,0.7232331108469258,1.2144470797219917,0.10369356712354126,0.0964227144967136
2025-05-31,1.1378376483917236,1.3498992919921875,0.6445998549461365,0.5978608727455139,0.006955118282963664,0.7243384695063777,1.2165894340165542,0.10473507044109097,0.09882594614626065
2025-06-30,1.1727453470230103,1.3719680309295654,0.6533215045928955,0.6063987016677856,0.0069196012360171495,0.7309193598558482,1.2527403388769447,0.10561145456266832,0.09931670136737393
2025-07-31,1.1429355144500732,1.3257676362991333,0.6447120904922485,0.5907686352729797,0.006701245184528116,0.7233168624257572,1.2296946508934723,0.10225241302104969,0.09712415698683328
2025-08-31,1.1681560277938843,1.35111403465271,0.6532399654388428,0.5885087847709656,0.00681245347597185,0.7272833203053745,1.247520513332058,0.1055035985338226,0.09936406867175172
2025-09-30,1.1731443405151367,1.3437248468399048,0.6581978797912598,0.5781516432762146,0.006729701482452521,0.7185869499574045,1.2543903283167588,0.10619104090058869,0.10016427278509954
2025-10-31,1.157246708869934,1.3159106969833374,0.6559299826622009,0.5745310187339783,0.006497726053664539,0.7152512871330521,1.247520513332058,0.10597778518945251,0.09950239125300253
2025-11-30,1.1599851846694946,1.3241175413131714,0.653579831123352,0.5731000304222107,0.006398607802911632,0.7129616172618717,1.24285359125763,0.10559026976383731,0.09842345223795516
2025-12-31,1.1747292280197144,1.346719741821289,0.6697999835014343,0.5791494250297546,0.006393330707166606,0.7302094969623381,1.2631047025557345,0.10875782978875231,0.09949050510946578
2026-01-31,1.19657301902771,1.380643367767334,0.7047300934791565,0.6075703501701355,0.0065290345076649105,0.7411799528358151,1.3081984474924584,0.11360305883724402,0.10489085039957667
2026-02-28,1.1803030967712402,1.3491452932357788,0.71017986536026,0.5980217456817627,0.006416055803708009,0.7312186189564537,1.2932762295929274,0.1105192235230258,0.1047154383209355
2026-03-31,1.1460003852844238,1.3172800540924072,0.6845901012420654,0.5717389583587646,0.006256216981978628,0.7179627016823571,1.2501874847240189,0.10463480111797949,0.10278865958108595
2026-04-30,1.168470025062561,1.3488596677780151,0.7131141424179077,0.584050714969635,0.006242820532531567,0.7314593125164475,1.264926116961297,0.10747429823396192,0.10728980626308092
2026-05-31,1.1652837991714478,1.3444474935531616,0.7164201736450195,0.594569206237793,0.006278646155426192,0.7255366856845329,1.2760636077992138,0.1081185082686362,0.10817289366225001
2026-06-30,1.1422044038772583,1.325398564338684,0.6882398128509521,0.5651313662528992,0.006175774747059543,0.7037793011427699,1.2382367181134348,0.10299774904592787,0.10074977961081792
2026-07-31,1.1523525714874268,1.3460942506790161,0.7025185227394104,0.5875406265258789,0.006242859781517054,0.7137147692685192,1.2410489654347496,0.10484213578497172,0.10492573877476033
2026-08-31,1.1547343730926514,1.350785493850708,0.7058159112930298,0.5884429812431335,0.006283972944474153,0.7173600872947189,1.2345222033064196,0.10528509961849092,0.1053611949032792
