date,USD,EUR,GBP,AUD,NZD,JPY,CAD,CHF,SEK,NOK,MXN,ZAR,BRL,INR,TRY,PLN,HUF,CZK,ILS,KRW,IDR,THB,PHP,CLP,COP,RON
1946-01-31,,,2.0,,,3.29,,1.5,2.5,,,,,3.0,,,,,,,,,,,,
1946-02-28,,,2.0,,,3.29,,1.5,2.5,,,,,3.0,,,,,,,,,,,,
1946-03-31,,,2.0,,,3.29,,1.5,2.5,,,,,3.0,,,,,,,,,,,,
1946-04-30,,,2.0,,,3.29,,1.5,2.5,,,,,3.0,,,,,,,,,,,,
1946-05-31,,,2.0,,,3.29,,1.5,2.5,,,,,3.0,,,,,,,,,,,,
1946-06-30,,,2.0,,,3.29,,1.5,2.5,,,,,3.0,,,,,,,,,,,,
1946-07-31,,,2.0,,,3.29,,1.5,2.5,,,,,3.0,,,,,,,,,,,,
1946-08-31,,,2.0,,,3.29,,1.5,2.5,,,,,3.0,,,,,,,,,,,,
1946-09-30,,,2.0,,,3.29,,1.5,2.5,,,,,3.0,,,,,,,,,,,,
1946-10-31,,,2.0,,,3.65,,1.5,2.5,,,,,3.0,,,,,,,,,,,,
1946-11-30,,,2.0,,,3.65,,1.5,2.5,,,,,3.0,,,,,,,,,,,,
1946-12-31,,,2.0,,,3.65,,1.5,2.5,,,,,3.0,,,,,,,,,,,,
1947-01-31,,,2.0,,,3.65,,1.5,2.5,,,,,3.0,,,,,,,,,,,,
1947-02-28,,,2.0,,,3.65,,1.5,2.5,,,,,3.0,,,,,,,,,,,,
1947-03-31,,,2.0,,,3.65,,1.5,2.5,,,,,3.0,,,,,,,,,,,,
1947-04-30,,,2.0,,,3.65,,1.5,2.5,,,,,3.0,,,,,,,,,,,,
1947-05-31,,,2.0,,,3.65,,1.5,2.5,,,,,3.0,,,,,,,,,,,,
1947-06-30,,,2.0,,,3.65,,1.5,2.5,,,,,3.0,,,,,,,,,,,,
1947-07-31,,,2.0,,,3.65,,1.5,2.5,,,,,3.0,,,,,,,,,,,,
1947-08-31,,,2.0,,,3.65,,1.5,2.5,,,,,3.0,,,,,,,,,,,,
1947-09-30,,,2.0,,,3.65,,1.5,2.5,,,,,3.0,,,,,,,,,,,,
1947-10-31,,,2.0,,,3.65,,1.5,2.5,,,,,3.0,,,,,,,,,,,,
1947-11-30,,,2.0,,,3.65,,1.5,2.5,,,,,3.0,,,,,,,,,,,,
1947-12-31,,,2.0,,,3.65,,1.5,2.5,,,,,3.0,,,,,,,,,,,,
1948-01-31,,,2.0,,,3.65,,1.5,2.5,,,,,3.0,,,,,,,,,,,,
1948-02-29,,,2.0,,,3.65,,1.5,2.5,,,,,3.0,,,,,,,,,,,,
1948-03-31,,,2.0,,,3.65,,1.5,2.5,,,,,3.0,,,,,,,,,,,,
1948-04-30,,,2.0,,,4.38,,1.5,2.5,,,,,3.0,,,,,,,,,,,,
1948-05-31,,,2.0,,,4.38,,1.5,2.5,,,,,3.0,,,,,,,,,,,,
1948-06-30,,,2.0,,,4.38,,1.5,2.5,,,,,3.0,,,,,,,,,,,,
1948-07-31,,,2.0,,,5.11,,1.5,2.5,,,,,3.0,,,,,,,,,,,,
1948-08-31,,,2.0,,,5.11,,1.5,2.5,,,,,3.0,,,,,,,,,,,,
1948-09-30,,,2.0,,,5.11,,1.5,2.5,,,,,3.0,,,,,,,,,,,,
1948-10-31,,,2.0,,,5.11,,1.5,2.5,,,,,3.0,,,,,,,,,,,,
1948-11-30,,,2.0,,,5.11,,1.5,2.5,,,,,3.0,,,,,,,,,,,,
1948-12-31,,,2.0,,,5.11,,1.5,2.5,,,,,3.0,,,,,,,,,,,,
1949-01-31,,,2.0,,,5.11,,1.5,2.5,,,,,3.0,,,,,,,,,,,,
1949-02-28,,,2.0,,,5.11,,1.5,2.5,,,,,3.0,,,,,,,,,,,,
1949-03-31,,,2.0,,,5.11,,1.5,2.5,,,,,3.0,,,,,,,,,,,,
1949-04-30,,,2.0,,,5.11,,1.5,2.5,,,,,3.0,,,,,,,,,,,,
1949-05-31,,,2.0,,,5.11,,1.5,2.5,,,,,3.0,,,,,,,,,,,,
1949-06-30,,,2.0,,,5.11,,1.5,2.5,,,,,3.0,,,,,,,,,,,,
1949-07-31,,,2.0,,,5.11,,1.5,2.5,,,,,3.0,,,,,,,,,,,,
1949-08-31,,,2.0,,,5.11,,1.5,2.5,,,,,3.0,,,,,,,,,,,,
1949-09-30,,,2.0,,,5.11,,1.5,2.5,,,,,3.0,,,,,,,,,,,,
1949-10-31,,,2.0,,,5.11,,1.5,2.5,,,,,3.0,,,,,,,,,,,,
1949-11-30,,,2.0,,,5.11,,1.5,2.5,,,,,3.0,,,,,,,,,,,,
1949-12-31,,,2.0,,,5.11,,1.5,2.5,,,,,3.0,,,,,,,,,,,,
1950-01-31,,,2.0,,,5.11,,1.5,2.5,,,,,3.0,,,,,,,,,,,,
1950-02-28,,,2.0,,,5.11,,1.5,2.5,,,,,3.0,,,,,,,,,,,,
1950-03-31,,,2.0,,,5.11,,1.5,2.5,,,,,3.0,,,,,,,,,,,,
1950-04-30,,,2.0,,,5.11,,1.5,2.5,,,,,3.0,,,,,,,,,,,,
1950-05-31,,,2.0,,,5.11,,1.5,2.5,,,,,3.0,,,,,,,,,,,,
1950-06-30,,,2.0,,,5.11,,1.5,2.5,,,,,3.0,,,,,,,,,,,,
1950-07-31,,,2.0,,,5.11,,1.5,2.5,,,,,3.0,,,,,,,,,,,,
1950-08-31,,,2.0,,,5.11,,1.5,2.5,,,,,3.0,,,,,,,,,,,,
1950-09-30,,,2.0,,,5.11,,1.5,2.5,,,,,3.0,,,,,,,,,,,,
1950-10-31,,,2.0,,,5.11,,1.5,2.5,,,,,3.0,,,,,,,,,,,,
1950-11-30,,,2.0,,,5.11,,1.5,2.5,,,,,3.0,,,,,,,,,,,,
1950-12-31,,,2.0,,,5.11,,1.5,3.0,,,,,3.0,,,,,,,,,,,,
1951-01-31,,,2.0,,,5.11,,1.5,3.0,,,,,3.0,,,,,,,,,,,,
1951-02-28,,,2.0,,,5.11,,1.5,3.0,,,,,3.0,,,,,,,,,,,,
1951-03-31,,,2.0,,,5.11,,1.5,3.0,,,,,3.0,,,,,,,,,,,,
1951-04-30,,,2.0,,,5.11,,1.5,3.0,,,,,3.0,,,,,,,,,,,,
1951-05-31,,,2.0,,,5.11,,1.5,3.0,,,,,3.0,,,,,,,,,,,,
1951-06-30,,,2.0,,,5.11,,1.5,3.0,,,,,3.0,,,,,,,,,,,,
1951-07-31,,,2.0,,,5.11,,1.5,3.0,,,,,3.0,,,,,,,,,,,,
1951-08-31,,,2.0,,,5.11,,1.5,3.0,,,,,3.0,,,,,,,,,,,,
1951-09-30,,,2.0,,,5.11,,1.5,3.0,,,,,3.0,,,,,,,,,,,,
1951-10-31,,,2.0,,,5.84,,1.5,3.0,,,,,3.0,,,,,,,,,,,,
1951-11-30,,,2.5,,,5.84,,1.5,3.0,,,,,3.5,,,,,,,,,,,,
1951-12-31,,,2.5,,,5.84,,1.5,3.0,,,,,3.5,,,,,,,,,,,,
1952-01-31,,,2.5,,,5.84,,1.5,3.0,,,,,3.5,,,,,,,,,,,,
1952-02-29,,,2.5,,,5.84,,1.5,3.0,,,,,3.5,,,,,,,,,,,,
1952-03-31,,,4.0,,,5.84,,1.5,3.0,,,,,3.5,,,,,,,,,,,,
1952-04-30,,,4.0,,,5.84,,1.5,3.0,,,,,3.5,,,,,,,,,,,,
1952-05-31,,,4.0,,,5.84,,1.5,3.0,,,,,3.5,,,,,,,,,,,,
1952-06-30,,,4.0,,,5.84,,1.5,3.0,,,,,3.5,,,,,,,,,,,,
1952-07-31,,,4.0,,,5.84,,1.5,3.0,,,,,3.5,,,,,,,,,,,,
1952-08-31,,,4.0,,,5.84,,1.5,3.0,,,,,3.5,,,,,,,,,,,,
1952-09-30,,,4.0,,,5.84,,1.5,3.0,,,,,3.5,,,,,,,,,,,,
1952-10-31,,,4.0,,,5.84,,1.5,3.0,,,,,3.5,,,,,,,,,,,,
1952-11-30,,,4.0,,,5.84,,1.5,3.0,,,,,3.5,,,,,,,,,,,,
1952-12-31,,,4.0,,,5.84,,1.5,3.0,,,,,3.5,,,,,,,,,,,,
1953-01-31,,,4.0,,,5.84,,1.5,3.0,,,,,3.5,,,,,,,,,,,,
1953-02-28,,,4.0,,,5.84,,1.5,3.0,,,,,3.5,,,,,,,,,,,,
1953-03-31,,,4.0,,,5.84,,1.5,3.0,,,,,3.5,,,,,,,,,,,,
1953-04-30,,,4.0,,,5.84,,1.5,3.0,,,,,3.5,,,,,,,,,,,,
1953-05-31,,,4.0,,,5.84,,1.5,3.0,,,,,3.5,,,,,,,,,,,,
1953-06-30,,,4.0,,,5.84,,1.5,3.0,,,,,3.5,,,,,,,,,,,,
1953-07-31,,,4.0,,,5.84,,1.5,3.0,,,,,3.5,,,,,,,,,,,,
1953-08-31,,,4.0,,,5.84,,1.5,3.0,,,,,3.5,,,,,,,,,,,,
1953-09-30,,,3.5,,,5.84,,1.5,3.0,,,,,3.5,,,,,,,,,,,,
1953-10-31,,,3.5,,,5.84,,1.5,3.0,,,,,3.5,,,,,,,,,,,,
1953-11-30,,,3.5,,,5.84,,1.5,2.75,,,,,3.5,,,,,,,,,,,,
1953-12-31,,,3.5,,,5.84,,1.5,2.75,,,,,3.5,,,,,,,,,,,,
1954-01-31,,,3.5,,,5.84,,1.5,2.75,,,,,3.5,,,,,,,,,,,,
1954-02-28,,,3.5,,,5.84,,1.5,2.75,,,,,3.5,,,,,,,,,,,,
1954-03-31,,,3.5,,,5.84,,1.5,2.75,,,,,3.5,,,,,,,,,,,,
1954-04-30,,,3.5,,,5.84,,1.5,2.75,,,,,3.5,,,,,,,,,,,,
1954-05-31,,,3.0,,,5.84,,1.5,2.75,,,,,3.5,,,,,,,,,,,,
1954-06-30,,,3.0,,,5.84,,1.5,2.75,,,,,3.5,,,,,,,,,,,,
1954-07-31,0.25,,3.0,,,5.84,,1.5,2.75,,,,,3.5,,,,,,,,,,,,
1954-08-31,1.44,,3.0,,,5.84,,1.5,2.75,,,,,3.5,,,,,,,,,,,,
1954-09-30,1.44,,3.0,,,5.84,,1.5,2.75,,,,,3.5,,,,,,,,,,,,
1954-10-31,1.13,,3.0,,,5.84,,1.5,2.75,,,,,3.5,,,,,,,,,,,,
1954-11-30,1.38,,3.0,,,5.84,,1.5,2.75,,,,,3.5,,,,,,,,,,,,
1954-12-31,1.44,,3.0,,,5.84,,1.5,2.75,,,,,3.5,,,,,,,,,,,,
1955-01-31,1.44,,3.5,,,5.84,,1.5,2.75,,,,,3.5,,,,,,,,,,,,
1955-02-28,1.44,,4.5,,,5.84,,1.5,2.75,,,,,3.5,,,,,,,,,,,,
1955-03-31,1.44,,4.5,,,5.84,,1.5,2.75,,,,,3.5,,,,,,,,,,,,
1955-04-30,1.69,,4.5,,,5.84,,1.5,3.75,,,,,3.5,,,,,,,,,,,,
1955-05-31,1.69,,4.5,,,5.84,,1.5,3.75,,,,,3.5,,,,,,,,,,,,
1955-06-30,1.69,,4.5,,,5.84,,1.5,3.75,,,,,3.5,,,,,,,,,,,,
1955-07-31,1.75,,4.5,,,5.84,,1.5,3.75,,,,,3.5,,,,,,,,,,,,
1955-08-31,2.0,,4.5,,,7.3,,1.5,3.75,,,,,3.5,,,,,,,,,,,,
1955-09-30,2.19,,4.5,,,7.3,,1.5,3.75,,,,,3.5,,,,,,,,,,,,
1955-10-31,2.25,,4.5,,,7.3,,1.5,3.75,,,,,3.5,,,,,,,,,,,,
1955-11-30,2.44,,4.5,,,7.3,,1.5,3.75,,,,,3.5,,,,,,,,,,,,
1955-12-31,2.5,,4.5,,,7.3,,1.5,3.75,,,,,3.5,,,,,,,,,,,,
1956-01-31,2.5,,4.5,,,7.3,,1.5,3.75,,,,,3.5,,,,,,,,,,,,
1956-02-29,2.5,,5.5,,,7.3,,1.5,3.75,,,,,3.5,,,,,,,,,,,,
1956-03-31,2.5,,5.5,,,7.3,,1.5,3.75,,,,,3.5,,,,,,,,,,,,
1956-04-30,2.75,,5.5,,,7.3,,1.5,3.75,,,,,3.5,,,,,,,,,,,,
1956-05-31,2.75,,5.5,,,7.3,,1.5,3.75,,,,,3.5,,,,,,,,,,,,
1956-06-30,2.75,,5.5,,,7.3,,1.5,3.75,,,,,3.5,,,,,,,,,,,,
1956-07-31,2.69,,5.5,,,7.3,,1.5,3.75,,,,,3.5,,,,,,,,,,,,
1956-08-31,3.0,,5.5,,,7.3,,1.5,3.75,,,,,3.5,,,,,,,,,,,,
1956-09-30,3.0,,5.5,,,7.3,,1.5,3.75,,,,,3.5,,,,,,,,,,,,
1956-10-31,3.0,,5.5,,,7.3,,1.5,3.75,,,,,3.5,,,,,,,,,,,,
1956-11-30,3.0,,5.5,,,7.3,,1.5,4.0,,,,,3.5,,,,,,,,,,,,
1956-12-31,3.0,,5.5,,,7.3,,1.5,4.0,,,,,3.5,,,,,,,,,,,,
1957-01-31,3.0,,5.5,,,7.3,,1.5,4.0,,,,,3.5,,,,,,,,,,,,
1957-02-28,3.0,,5.0,,,7.3,,1.5,4.0,,,,,3.5,,,,,,,,,,,,
1957-03-31,2.94,,5.0,,,7.67,,1.5,4.0,,,,,3.5,,,,,,,,,,,,
1957-04-30,3.0,,5.0,,,7.67,,1.5,4.0,,,,,3.5,,,,,,,,,,,,
1957-05-31,3.0,,5.0,,,8.4,,2.5,4.0,,,,,4.0,,,,,,,,,,,,
1957-06-30,3.0,,5.0,,,8.4,,2.5,4.0,,,,,4.0,,,,,,,,,,,,
1957-07-31,2.88,,5.0,,,8.4,,2.5,5.0,,,,,4.0,,,,,,,,,,,,
1957-08-31,3.5,,5.0,,,8.4,,2.5,5.0,,,,,4.0,,,,,,,,,,,,
1957-09-30,3.5,,7.0,,,8.4,,2.5,5.0,,,,,4.0,,,,,,,,,,,,
1957-10-31,3.5,,7.0,,,8.4,,2.5,5.0,,,,,4.0,,,,,,,,,,,,
1957-11-30,3.0,,7.0,,,8.4,,2.5,5.0,,,,,4.0,,,,,,,,,,,,
1957-12-31,3.0,,7.0,,,8.4,,2.5,5.0,,,,,4.0,,,,,,,,,,,,
1958-01-31,1.5,,7.0,,,8.4,,2.5,5.0,,,,,4.0,,,,,,,,,,,,
1958-02-28,0.5,,7.0,,,8.4,,2.5,5.0,,,,,4.0,,,,,,,,,,,,
1958-03-31,0.5,,6.0,,,8.4,,2.5,5.0,,,,,4.0,,,,,,,,,,,,
1958-04-30,0.25,,6.0,,,8.4,,2.5,5.0,,,,,4.0,,,,,,,,,,,,
1958-05-31,0.13,,5.5,,,8.4,,2.5,4.5,,,,,4.0,,,,,,,,,,,,
1958-06-30,0.5,,5.0,,,7.67,,2.5,4.5,,,,,4.0,,,,,,,,,,,,
1958-07-31,0.38,,5.0,,,7.67,,2.5,4.5,,,,,4.0,,,,,,,,,,,,
1958-08-31,1.75,,4.5,,,7.67,,2.5,4.5,,,,,4.0,,,,,,,,,,,,
1958-09-30,1.5,,4.5,,,7.3,,2.5,4.5,,,,,4.0,,,,,,,,,,,,
1958-10-31,2.0,,4.5,,,7.3,,2.5,4.5,,,,,4.0,,,,,,,,,,,,
1958-11-30,2.5,,4.0,,,7.3,,2.5,4.5,,,,,4.0,,,,,,,,,,,,
1958-12-31,2.38,,4.0,,,7.3,,2.5,4.5,,,,,4.0,,,,,,,,,,,,
1959-01-31,2.5,,4.0,,,7.3,,2.5,4.5,,,,,4.0,,,,,,,,,,,,
1959-02-28,2.5,,4.0,,,6.94,,2.0,4.5,,,,,4.0,,,,,,,,,,,,
1959-03-31,3.0,,4.0,,,6.94,,2.0,4.5,,,,,4.0,,,,,,,,,,,,
1959-04-30,3.0,,4.0,,,6.94,,2.0,4.5,,,,,4.0,,,,,,,,,,,,
1959-05-31,3.25,,4.0,,,6.94,,2.0,4.5,,,,,4.0,,,,,,,,,,,,
1959-06-30,3.0,,4.0,,,6.94,,2.0,4.5,,,,,4.0,,,,,,,,,,,,
1959-07-31,3.5,,4.0,,,6.94,,2.0,4.5,,,,,4.0,,,,,,,,,,,,
1959-08-31,3.5,,4.0,,,6.94,,2.0,4.5,,,,,4.0,,,,,,,,,,,,
1959-09-30,3.0,,4.0,,,6.94,,2.0,4.5,,,,,4.0,,,,,,,,,,,,
1959-10-31,4.0,,4.0,,,6.94,,2.0,4.5,,,,,4.0,,,,,,,,,,,,
1959-11-30,4.0,,4.0,,,6.94,,2.0,4.5,,,,,4.0,,,,,,,,,,,,
1959-12-31,4.0,,4.0,,,7.3,,2.0,4.5,,,,,4.0,,,,,,,,,,,,
1960-01-31,4.0,,5.0,,,7.3,,2.0,5.0,,,,,4.0,,,,,,,,,,,,
1960-02-29,4.0,,5.0,,,7.3,,2.0,5.0,,,,,4.0,,,,,,,,,,,,
1960-03-31,4.0,,5.0,,,7.3,,2.0,5.0,,,,,4.0,,,,,,,,,,,,
1960-04-30,4.0,,5.0,,,7.3,,2.0,5.0,,,,,4.0,,,,,,,,,,,,
1960-05-31,3.5,,5.0,,,7.3,,2.0,5.0,,,,,4.0,,,,,,,,,,,,
1960-06-30,3.5,,6.0,,,7.3,,2.0,5.0,,,,,4.0,,,,,,,,,,,,
1960-07-31,3.25,,6.0,,,7.3,3.17,2.0,5.0,,,,,4.0,,,,,,,,,,,,
1960-08-31,3.0,,6.0,,,6.94,2.5,2.0,5.0,,,,,4.0,,,,,,,,,,,,
1960-09-30,3.0,,6.0,,,6.94,1.95,2.0,5.0,,,,,4.0,,,,,,,,,,,,
1960-10-31,2.75,,5.5,,,6.94,3.28,2.0,5.0,,,,,4.0,,,,,,,,,,,,
1960-11-30,0.25,,5.5,,,6.94,4.02,2.0,5.0,,,,,4.0,,,,,,,,,,,,
1960-12-31,3.0,,5.0,,,6.94,3.5,2.0,5.0,,,,,4.0,,,,,,,,,,,,
1961-01-31,2.25,,5.0,,,6.57,3.29,2.0,5.0,,,,,4.0,,,,,,,,,,,,
1961-02-28,2.0,,5.0,,,6.57,3.36,2.0,5.0,,,,,4.0,,,,,,,,,,,,
1961-03-31,2.0,,5.0,,,6.57,3.46,2.0,5.0,,,,,4.0,,,,,,,,,,,,
1961-04-30,0.5,,5.0,,,6.57,3.53,2.0,5.0,,,,,4.0,,,,,,,,,,,,
1961-05-31,1.0,,5.0,,,6.57,3.42,2.0,5.0,,,,,4.0,,,,,,,,,,,,
1961-06-30,0.5,,5.0,,,6.57,2.82,2.0,5.0,,,,,4.0,,,,,,,,,,,,
1961-07-31,2.5,,7.0,,,6.94,2.8,2.0,5.0,,,,,4.0,,,,,,,,,,,,
1961-08-31,1.75,,7.0,,,6.94,2.51,2.0,5.0,,,,,4.0,,,,,,,,,,,,
1961-09-30,1.5,,7.0,,,7.3,2.84,2.0,5.0,,,,,4.0,,,,,,,,,,,,
1961-10-31,2.0,,6.5,,,7.3,2.75,2.0,5.0,,,,,4.0,,,,,,,,,,,,
1961-11-30,1.75,,6.0,,,7.3,2.75,2.0,5.0,,,,,4.0,,,,,,,,,,,,
1961-12-31,2.5,,6.0,,,7.3,3.24,2.0,5.0,,,,,4.0,,,,,,,,,,,,
1962-01-31,1.5,,6.0,,,7.3,3.35,2.0,5.0,,,,,4.0,,,,,,,,,,,,
1962-02-28,2.75,,6.0,,,7.3,3.42,2.0,5.0,,,,,4.0,,,,,,,,,,,,
1962-03-31,2.75,,5.0,,,7.3,3.37,2.0,5.0,,,,,4.0,,,,,,,,,,,,
1962-04-30,2.5,,4.5,,,7.3,3.32,2.0,4.5,,,,,4.0,,,,,,,,,,,,
1962-05-31,2.75,,4.5,,,7.3,3.77,2.0,4.5,,,,,4.0,,,,,,,,,,,,
1962-06-30,2.75,,4.5,,,7.3,6.0,2.0,4.0,,,,,4.0,,,,,,,,,,,,
1962-07-31,2.75,,4.5,,,7.3,6.0,2.0,4.0,,,,,4.0,,,,,,,,,,,,
1962-08-31,3.0,,4.5,,,7.3,6.0,2.0,4.0,,,,,4.0,,,,,,,,,,,,
1962-09-30,2.75,,4.5,,,7.3,5.5,2.0,4.0,,,,,4.0,,,,,,,,,,,,
1962-10-31,3.0,,4.5,,,6.94,5.0,2.0,4.0,,,,,4.0,,,,,,,,,,,,
1962-11-30,2.88,,4.5,,,6.57,4.0,2.0,4.0,,,,,4.0,,,,,,,,,,,,
1962-12-31,3.0,,4.5,,,6.57,4.0,2.0,4.0,,,,,4.0,,,,,,,,,,,,
1963-01-31,3.0,,4.0,,,6.57,4.0,2.0,3.5,,,,,4.5,,,,,,,,,,,,
1963-02-28,3.0,,4.0,,,6.57,4.0,2.0,3.5,,,,,4.5,,,,,,,,,,,,
1963-03-31,3.0,,4.0,,,6.21,4.0,2.0,3.5,,,,,4.5,,,,,,,,,,,,
1963-04-30,3.0,,4.0,,,5.84,4.0,2.0,3.5,,,,,4.5,,,,,,,,,,,,
1963-05-31,3.0,,4.0,,,5.84,3.5,2.0,3.5,,,,,4.5,,,,,,,,,,,,
1963-06-30,3.0,,4.0,,,5.84,3.5,2.0,4.0,,,,,4.5,,,,,,,,,,,,
1963-07-31,3.5,,4.0,,,5.84,3.5,2.0,4.0,,,,,4.5,,,,,,,,,,,,
1963-08-31,3.5,,4.0,,,5.84,4.0,2.0,4.0,,,,,4.5,,,,,,,,,,,,
1963-09-30,3.5,,4.0,,,5.84,4.0,2.0,4.0,,,,,4.5,,,,,,,,,,,,
1963-10-31,3.5,,4.0,,,5.84,4.0,2.0,4.0,,,,,4.5,,,,,,,,,,,,
1963-11-30,3.5,,4.0,,,5.84,4.0,2.0,4.0,,,,,4.5,,,,,,,,,,,,
1963-12-31,3.25,,4.0,,,5.84,4.0,2.0,4.0,,,,,4.5,,,,,,,,,,,,
1964-01-31,3.5,,4.0,,,5.84,4.0,2.0,4.5,,,,,4.5,,,,,,,,,,,,
1964-02-29,3.5,,5.0,,,5.84,4.0,2.0,4.5,,,,,4.5,,,,,,,,,,,,
1964-03-31,3.5,,5.0,,,6.57,4.0,2.0,4.5,,,,,4.5,,,,,,,,,,,,
1964-04-30,3.5,,5.0,,,6.57,4.0,2.0,4.5,,,,,4.5,,,,,,,,,,,,
1964-05-31,3.5,,5.0,,,6.57,4.0,2.0,4.5,,,,,4.5,,,,,,,,,,,,
1964-06-30,3.5,,5.0,,,6.57,4.0,2.0,4.5,,,,,4.5,,,,,,,,,,,,
1964-07-31,3.5,,5.0,,,6.57,4.0,2.5,4.5,,,,,4.5,,,,,,,,,,,,
1964-08-31,3.5,,5.0,,,6.57,4.0,2.5,4.5,,,,,4.5,,,,,,,,,,,,
1964-09-30,2.75,,5.0,,,6.57,4.0,2.5,4.5,,,,,5.0,,,,,,,,,,,,
1964-10-31,3.5,,5.0,,,6.57,4.0,2.5,4.5,,,,,5.0,,,,,,,,,,,,
1964-11-30,4.0,,7.0,,,6.57,4.25,2.5,5.0,,,,,5.0,,,,,,,,,,,,
1964-12-31,4.0,,7.0,,,6.57,4.25,2.5,5.0,,,,,5.0,,,,,,,,,,,,
1965-01-31,4.0,,7.0,,,6.21,4.25,2.5,5.0,,,,,5.0,,,,,,,,,,,,
1965-02-28,4.0,,7.0,,,6.21,4.25,2.5,5.0,,,,,6.0,,,,,,,,,,,,
1965-03-31,4.0,,7.0,,,6.21,4.25,2.5,5.0,,,,,6.0,,,,,,,,,,,,
1965-04-30,4.13,,7.0,,,5.84,4.25,2.5,5.5,,,,,6.0,,,,,,,,,,,,
1965-05-31,4.13,,7.0,,,5.84,4.25,2.5,5.5,,,,,6.0,,,,,,,,,,,,
1965-06-30,4.13,,6.0,,,5.48,4.25,2.5,5.5,,,,,6.0,,,,,,,,,,,,
1965-07-31,4.13,,6.0,,,5.48,4.25,2.5,5.5,,,,,6.0,,,,,,,,,,,,
1965-08-31,4.0,,6.0,,,5.48,4.25,2.5,5.5,,,,,6.0,,,,,,,,,,,,
1965-09-30,4.13,,6.0,,,5.48,4.25,2.5,5.5,,,,,6.0,,,,,,,,,,,,
1965-10-31,4.13,,6.0,,,5.48,4.25,2.5,5.5,,,,,6.0,,,,,,,,,,,,
1965-11-30,4.13,,6.0,,,5.48,4.25,2.5,5.5,,,,,6.0,,,,,,,,,,,,
1965-12-31,4.63,,6.0,,,5.48,4.75,2.5,5.5,,,,,6.0,,,,,,,,,,,,
1966-01-31,4.5,,6.0,,,5.48,4.75,2.5,5.5,,,,,6.0,,,,,,,,,,,,
1966-02-28,4.63,,6.0,,,5.48,4.75,2.5,5.5,,,,,6.0,,,,,,,,,,,,
1966-03-31,4.75,,6.0,,,5.48,5.25,2.5,5.5,,,,,6.0,,,,,,,,,,,,
1966-04-30,4.63,,6.0,,,5.48,5.25,2.5,5.5,,,,,6.0,,,,,,,,,,,,
1966-05-31,4.75,,6.0,,,5.48,5.25,2.5,5.5,,,,,6.0,,,,,,,,,,,,
1966-06-30,5.5,,6.0,,,5.48,5.25,2.5,6.0,,,,,6.0,,,,,,,,,,,,
1966-07-31,5.75,,7.0,,,5.48,5.25,3.5,6.0,,,,,6.0,,,,,,,,,,,,
1966-08-31,4.5,,7.0,,,5.48,5.25,3.5,6.0,,,,,6.0,,,,,,,,,,,,
1966-09-30,5.75,,7.0,,,5.48,5.25,3.5,6.0,,,,,6.0,,,,,,,,,,,,
1966-10-31,5.75,,7.0,,,5.48,5.25,3.5,6.0,,,,,6.0,,,,,,,,,,,,
1966-11-30,5.75,,7.0,,,5.48,5.25,3.5,6.0,,,,,6.0,,,,,,,,,,,,
1966-12-31,5.0,,7.0,,,5.48,5.25,3.5,6.0,,,,,6.0,,,,,,,,,,,,
1967-01-31,4.0,,6.5,,,5.48,5.0,3.5,6.0,,,,,6.0,,,,,,,,,,,,
1967-02-28,4.75,,6.5,,,5.48,5.0,3.5,5.5,,,,,6.0,,,,,,,,,,,,
1967-03-31,4.5,,6.0,,,5.48,5.0,3.5,5.0,,,,,6.0,,,,,,,,,,,,
1967-04-30,4.0,,6.0,,,5.48,4.5,3.5,5.0,,,,,6.0,,,,,,,,,,,,
1967-05-31,4.13,,5.5,,,5.48,4.5,3.5,5.0,,,,,6.0,,,,,,,,,,,,
1967-06-30,3.5,,5.5,,,5.48,4.5,3.5,5.0,,,,,6.0,,,,,,,,,,,,
1967-07-31,3.75,,5.5,,,5.48,4.5,3.0,5.0,,,,,6.0,,,,,,,,,,,,
1967-08-31,4.0,,5.5,,,5.48,4.5,3.0,5.0,,,,,6.0,,,,,,,,,,,,
1967-09-30,3.75,,5.5,,,5.84,5.0,3.0,5.0,,,,,6.0,,,,,,,,,,,,
1967-10-31,4.13,,6.0,,,5.84,5.0,3.0,5.0,,,,,6.0,,,,,,,,,,,,
1967-11-30,4.5,,8.0,,,5.84,6.0,3.0,5.0,,,,,6.0,,,,,,,,,,,,
1967-12-31,4.5,,8.0,,,5.84,6.0,3.0,6.0,,,,,6.0,,,,,,,,,,,,
1968-01-31,4.75,,8.0,,,6.21,7.0,3.0,6.0,,,,,6.0,,,,,,,,,,,,
1968-02-29,4.75,,8.0,,,6.21,7.0,3.0,5.5,,,,,6.0,,,,,,,,,,,,
1968-03-31,5.25,,7.5,,,6.21,7.5,3.0,5.5,,,,,5.0,,,,,,,,,,,,
1968-04-30,6.25,,7.5,,,6.21,7.5,3.0,5.5,,,,,5.0,,,,,,,,,,,,
1968-05-31,6.13,,7.5,,,6.21,7.5,3.0,5.5,,,,,5.0,,,,,,,,,,,,
1968-06-30,5.5,,7.5,,,6.21,7.5,3.0,5.5,,,,,5.0,,,,,,,,,,,,
1968-07-31,6.0,,7.5,,,6.21,6.5,3.0,5.5,,,,,5.0,,,,,,,,,,,,
1968-08-31,5.75,,7.5,,,5.84,6.5,3.0,5.5,,,,,5.0,,,,,,,,,,,,
1968-09-30,5.5,,7.0,,,5.84,6.0,3.0,5.5,,,,,5.0,,,,,,,,,,,,
1968-10-31,6.0,,7.0,,,5.84,6.0,3.0,5.0,,,,,5.0,,,,,,,,,,,,
1968-11-30,6.0,,7.0,,,5.84,6.0,3.0,5.0,,,,,5.0,,,,,,,,,,,,
1968-12-31,4.0,,7.0,,,5.84,6.5,3.0,5.0,,,,,5.0,,,,,,,,,,,,
1969-01-31,6.38,,7.0,,,5.84,6.5,3.0,5.0,,,,,5.0,,,,,,,,,,,,
1969-02-28,7.0,,8.0,,,5.84,6.5,3.0,6.0,,,,,5.0,,,,,,,,,,,,
1969-03-31,6.25,,8.0,,,5.84,7.0,3.0,6.0,,,,,5.0,,,,,,,,,,,,
1969-04-30,8.0,,8.0,,,5.84,7.0,3.0,6.0,,,,,5.0,,,,,,,,,,,,
1969-05-31,9.38,,8.0,,,5.84,7.0,3.0,6.0,,,,,5.0,,,,,,,,,,,,
1969-06-30,7.5,,8.0,,,5.84,7.5,3.0,6.0,,,,,5.0,,,,,,,,,,,,
1969-07-31,8.75,,8.0,,,5.84,8.0,3.0,7.0,,,,,5.0,,,,,,,,,,,,
1969-08-31,9.75,,8.0,,,5.84,8.0,3.0,7.0,,,,,5.0,,,,,,,,,,,,
1969-09-30,8.5,,8.0,,,6.25,8.0,3.75,7.0,,,,,5.0,,,,,,,,,,,,
1969-10-31,9.0,,8.0,,,6.25,8.0,3.75,7.0,,,,,5.0,,,,,,,,,,,,
1969-11-30,9.25,,8.0,,,6.25,8.0,3.75,7.0,,,,,5.0,,,,,,,,,,,,
1969-12-31,5.0,,8.0,,,6.25,8.0,3.75,7.0,,,,,5.0,,,,,,,,,,,,
1970-01-31,9.38,,8.0,,,6.25,8.0,3.75,7.0,,,,,5.0,,,,,,,,,,,,
1970-02-28,8.5,,8.0,,,6.25,8.0,3.75,7.0,,,,,5.0,,,,,,,,,,,,
1970-03-31,7.5,,7.5,,,6.25,8.0,3.75,7.0,,,,,5.0,,,,,,,,,,,,
1970-04-30,8.5,,7.0,,,6.25,8.0,3.75,7.0,,,,,5.0,,,,,,,,,,,,
1970-05-31,7.88,,7.0,,,6.25,7.5,3.75,7.0,,,,,5.0,,,,,,,,,,,,
1970-06-30,5.75,,7.0,,,6.25,7.0,3.75,7.0,,,,,5.0,,,,,,,,,,,,
1970-07-31,6.75,,7.0,,,6.25,7.0,3.75,7.0,,,,,5.0,,,,,,,,,,,,
1970-08-31,6.5,,7.0,,,6.25,7.0,3.75,7.0,,,,,5.0,,,,,,,,,,,,
1970-09-30,5.0,,7.0,,,6.25,6.5,3.75,7.0,,,,,5.0,,,,,,,,,,,,
1970-10-31,6.13,,7.0,,,6.0,6.5,3.75,7.0,,,,,5.0,,,,,,,,,,,,
1970-11-30,5.5,,7.0,,,6.0,6.0,3.75,7.0,,,,,5.0,,,,,,,,,,,,
1970-12-31,3.0,,7.0,,,6.0,6.0,3.75,7.0,,,,,5.0,,,,,,,,,,,,
1971-01-31,4.0,,7.0,,,5.75,6.0,3.75,7.0,,,,,6.0,,,,,,,,,,,,
1971-02-28,3.38,,7.0,,,5.75,5.25,3.75,7.0,,,,,6.0,,,,,,,,,,,,
1971-03-31,4.5,,7.0,,,5.75,5.25,3.75,6.5,,,,,6.0,,,,,,,,,,,,
1971-04-30,4.25,,6.0,,,5.75,5.25,3.75,6.0,,,,,6.0,,,,,,,,,,,,
1971-05-31,4.88,,6.0,,,5.5,5.25,3.75,6.0,,,,,6.0,,,,,,,,,,,,
1971-06-30,4.75,,6.0,,,5.5,5.25,3.75,6.0,,,,,6.0,,,,,,,,,,,,
1971-07-31,5.5,,6.0,,,5.25,5.25,3.75,6.0,,,,,6.0,,,,,,,,,,,,
1971-08-31,5.75,,6.0,,,5.25,5.25,3.75,6.0,,,,,6.0,,,,,,,,,,,,
1971-09-30,5.38,,5.0,,,5.25,5.25,3.75,5.5,,,,,6.0,,,,,,,,,,,,
1971-10-31,5.13,,5.0,,,5.25,4.75,3.75,5.5,,,,,6.0,,,,,,,,,,,,
1971-11-30,4.25,,5.0,,,5.25,4.75,3.75,5.0,,,,,6.0,,,,,,,,,,,,
1971-12-31,3.0,,5.0,,,4.75,4.75,3.75,5.0,,,,,6.0,,,,,,,,,,,,
1972-01-31,3.13,,5.0,,,4.75,4.75,3.75,5.0,,,,,6.0,,,,,,,,,,,,
1972-02-29,3.25,,5.0,,,4.75,4.75,3.75,5.0,,,,,6.0,,,,,,,,,,,,
1972-03-31,4.0,,5.0,,,4.75,4.75,3.75,5.0,,,,,6.0,,,,,,,,,,,,
1972-04-30,4.31,,5.0,,,4.75,4.75,3.75,5.0,,,,,6.0,,,,,,,,,,,,
1972-05-31,4.75,,5.0,,,4.75,4.75,3.75,5.0,,,,,6.0,,,,,,,,,,,,
1972-06-30,4.5,,6.0,,,4.25,4.75,3.75,5.0,,,,,6.0,,,,,,,,,,,,
1972-07-31,4.5,,6.0,,,4.25,4.75,3.75,5.0,,,,,6.0,,,,,,,,,,,,
1972-08-31,5.13,,6.0,,,4.25,4.75,3.75,5.0,,,,,6.0,,,,,,,,,,,,
1972-09-30,4.88,,6.0,,,4.25,4.75,3.75,5.0,,,,,6.0,,,,,,,,,,,,
1972-10-31,4.88,,7.5,,,4.25,4.75,3.75,5.0,,,,,6.0,,,,,,,,,,,,
1972-11-30,5.19,,7.5,,,4.25,4.75,3.75,5.0,,,,,6.0,,,,,,,,,,,,
1972-12-31,5.5,,9.0,,,4.25,4.75,3.75,5.0,,,,,6.0,,,,,,,,,,,,
1973-01-31,6.5,,8.75,,,4.25,4.75,4.5,5.0,,,,,6.0,,,,,,,,,,,,
1973-02-28,7.5,,8.75,,,4.25,4.75,4.5,5.0,,,,,6.0,,,,,,,,,,,,
1973-03-31,7.38,,8.5,,,4.25,4.75,4.5,5.0,,,,,6.0,,,,,,,,,,,,
1973-04-30,7.63,,8.25,,,5.0,5.25,4.5,5.0,,,,,6.0,,,,,,,,,,,,
1973-05-31,8.13,,7.75,,,5.5,5.75,4.5,5.0,,,,,7.0,,,,,,,,,,,,
1973-06-30,8.88,,7.5,,,5.5,6.25,4.5,5.0,,,,,7.0,,,,,,,,,,,,
1973-07-31,11.22,,11.5,,,6.0,6.25,4.5,5.0,,,,,7.0,,,,,,,,,,,,
1973-08-31,11.22,,11.5,,,7.0,6.75,4.5,5.0,,,,,7.0,,,,,,,,,,,,
1973-09-30,10.82,,11.5,,,7.0,7.25,4.5,5.0,,,,,7.0,,,,,,,,,,,,
1973-10-31,10.61,,11.25,,,7.0,7.25,4.5,5.0,,,,,7.0,,,,,,,,,,,,
1973-11-30,10.34,,13.0,,,7.0,7.25,4.5,5.0,,,,,7.0,,,,,,,,,,,,
1973-12-31,9.83,,13.0,,,9.0,7.25,4.5,5.0,,,,,7.0,,,,,,,,,,,,
1974-01-31,9.31,,12.75,,,9.0,7.25,5.5,5.0,,,,,7.0,,,,,,,,,,,,
1974-02-28,8.87,,12.5,,,9.0,7.25,5.5,5.0,,,,,7.0,,,,,,,,,,,,
1974-03-31,9.95,,12.5,,,9.0,7.25,5.5,5.0,,,,,7.0,,,,,,,,,,,,
1974-04-30,11.0,,12.0,,,9.0,8.25,5.5,6.0,,,,,7.0,,,,,,,,,,,,
1974-05-31,11.64,,11.75,,,9.0,8.75,5.5,6.0,,,,,7.0,,,,,,,,,,,,
1974-06-30,13.31,,11.75,,,9.0,8.75,5.5,6.0,,,,,7.0,,,,,,,,,,,,
1974-07-31,12.06,,11.75,,,9.0,9.25,5.5,6.0,,,,,9.0,,,,,,,,,,,,
1974-08-31,11.6,,11.75,,,9.0,9.25,5.5,7.0,,,,,9.0,,,,,,,,,,,,
1974-09-30,11.11,,11.5,,,9.0,9.25,5.5,7.0,,,,,9.0,,,,,,,,,,,,
1974-10-31,9.66,,11.5,,,9.0,9.25,5.5,7.0,,,,,9.0,,,,,,,,,,,,
1974-11-30,9.47,,11.5,,,9.0,8.75,5.5,7.0,,,,,9.0,,,,,,,,,,,,
1974-12-31,3.87,,11.5,,,9.0,8.75,5.5,7.0,,,,,9.0,,,,,,,,,,,,
1975-01-31,6.76,,11.0,,,9.0,8.25,5.5,7.0,,,,,9.0,,,,,,,,,,,,
1975-02-28,6.07,,10.5,,,9.0,8.25,5.5,7.0,,,,,9.0,,,,,,,,,,,,
1975-03-31,5.39,,10.0,,,9.0,8.25,5.0,7.0,,,,,9.0,,,,,,,,,,,,
1975-04-30,7.03,,9.75,,,8.5,8.25,5.0,7.0,,,,,9.0,,,,,,,,,,,,
1975-05-31,5.23,,10.0,,,8.5,8.25,4.5,7.0,,,,,9.0,,,,,,,,,,,,
1975-06-30,5.97,,10.0,,,8.0,8.25,4.5,7.0,,,,,9.0,,,,,,,,,,,,
1975-07-31,6.23,,11.0,,,8.0,8.25,4.5,7.0,,,,,9.0,,,,,,,,,,,,
1975-08-31,6.13,,11.0,,,7.5,8.25,4.0,6.0,,,,,9.0,,,,,,,,,,,,
1975-09-30,6.22,,11.0,,,7.5,9.0,3.5,6.0,,,,,9.0,,,,,,,,,,,,
1975-10-31,5.65,,12.0,,,6.5,9.0,3.0,6.0,,,,,9.0,,,,,,,,,,,,
1975-11-30,5.29,,11.75,,,6.5,9.0,3.0,6.0,,,,,9.0,,,,,,,,,,,,
1975-12-31,5.37,,11.25,,,6.5,9.0,3.0,6.0,,,,,9.0,,,,,,,,,,,,
1976-01-31,4.84,,10.5,,,6.5,9.0,2.5,5.5,,,,,9.0,,,,,,,,,,,,
1976-02-29,4.89,,9.5,,,6.5,9.0,2.5,5.5,,,,,9.0,,,,,,,,,,,,
1976-03-31,5.07,,9.0,,,6.5,9.5,2.5,5.5,,,,,9.0,,,,,,,,,,,,
1976-04-30,5.1,,10.5,5.02,,6.5,9.5,2.5,5.5,,,,,9.0,,,,,,,,,,,,
1976-05-31,5.67,,11.5,8.33,,6.5,9.5,2.5,5.5,,,,,9.0,,,,,,,,,,,,
1976-06-30,5.71,,11.5,4.97,,6.5,9.5,2.0,6.0,,,,,9.0,,,,,,,,,,,,
1976-07-31,5.32,,11.5,8.27,,6.5,9.5,2.0,6.0,,,,,9.0,,,,,,,,,,,,
1976-08-31,5.31,,11.5,7.72,,6.5,9.5,2.0,6.0,,,,,9.0,,,,,,,,,,,,
1976-09-30,5.31,,13.0,7.91,,6.5,9.5,2.0,6.0,,,,,9.0,,,,,,,,,,,,
1976-10-31,5.02,,15.0,7.47,,6.5,9.5,2.0,8.0,,,,,9.0,,,,,,,,,,,,
1976-11-30,4.69,,14.75,4.59,,6.5,9.0,2.0,8.0,,,,,9.0,,,,,,,,,,,,
1976-12-31,4.17,,14.25,7.2,,6.5,8.5,2.0,8.0,,,,,9.0,,,,,,,,,,,,
1977-01-31,4.65,,12.25,8.73,,6.5,8.5,2.0,8.0,,,,,9.0,,,,,,,,,,,,
1977-02-28,4.73,,12.0,8.34,,6.5,8.0,2.0,8.0,,,,,9.0,,,,,,,,,,,,
1977-03-31,4.72,,9.5,9.0,,6.0,8.0,2.0,8.0,,,,,9.0,,,,,,,,,,,,
1977-04-30,5.12,,8.75,8.13,,5.0,8.0,2.0,8.0,,,,,9.0,,,,,,,,,,,,
1977-05-31,5.47,,8.0,9.28,,5.0,7.5,2.0,8.0,,,,,9.0,,,,,,,,,,,,
1977-06-30,5.64,,8.0,12.47,,5.0,7.5,2.0,8.0,,,,,9.0,,,,,,,,,,,,
1977-07-31,5.86,,8.0,10.34,,5.0,7.5,1.5,8.0,,,,,9.0,,,,,,,,,,,,
1977-08-31,6.03,,7.0,12.34,,5.0,7.5,1.5,8.0,,,,,9.0,,,,,,,,,,,,
1977-09-30,6.46,,6.0,10.5,,4.25,7.5,1.5,8.0,,,,,9.0,,,,,,,,,,,,
1977-10-31,6.6,,5.0,9.87,,4.25,7.5,1.5,8.0,,,,,9.0,,,,,,,,,,,,
1977-11-30,6.56,,7.0,9.76,,4.25,7.5,1.5,8.0,,,,,9.0,,,,,,,,,,,,
1977-12-31,6.53,,7.0,7.91,,4.25,7.5,1.5,8.0,,,,,9.0,,,,,,,,,,,,
1978-01-31,6.79,,6.5,10.61,,4.25,7.5,1.5,8.0,,,,,9.0,,,,,,,,,,,,
1978-02-28,6.83,,6.5,8.6,,4.25,7.5,1.0,7.5,,,,,9.0,,,,,,,,,,,,
1978-03-31,6.97,,6.5,8.14,,3.5,8.0,1.0,7.5,,,,,9.0,,,,,,,,,,,,
1978-04-30,7.25,,7.5,8.05,,3.5,8.5,1.0,7.0,,,,,9.0,,,,,,,,,,,,
1978-05-31,7.43,,9.0,9.79,,3.5,8.5,1.0,7.0,,,,,9.0,,,,,,,,,,,,
1978-06-30,8.01,,10.0,10.29,,3.5,8.5,1.0,7.0,,,,,9.0,,,,,,,,,,,,
1978-07-31,8.0,,10.0,9.68,,3.5,9.0,1.0,6.5,,,,,9.0,,,,,,,,,,,,
1978-08-31,8.4,,10.0,10.99,,3.5,9.0,1.0,6.5,,,,,9.0,,,,,,,,,,,,
1978-09-30,8.9,,10.0,10.15,,3.5,9.5,1.0,6.5,,,,,9.0,,,,,,,,,,,,
1978-10-31,9.35,,10.0,7.8,,3.5,10.25,1.0,6.5,,,,,9.0,,,,,,,,,,,,
1978-11-30,9.94,,12.5,8.66,,3.5,10.75,1.0,6.5,,,,,9.0,,,,,,,,,,,,
1978-12-31,10.84,,12.5,8.28,,3.5,10.75,1.0,6.5,,,,,9.0,,,,,,,,,,,,
1979-01-31,10.57,,12.5,10.5,,3.5,11.25,1.0,6.5,,,,,9.0,,,,,,,,,,,,
1979-02-28,10.24,,14.0,8.5,,3.5,11.25,1.0,6.5,,,,,9.0,,,,,,,,,,,,
1979-03-31,10.07,,13.0,8.75,,3.5,11.25,1.0,6.5,,,,,9.0,,,,,,,,,,,,
1979-04-30,10.43,,12.0,10.0,,4.25,11.25,1.0,6.5,,,,,9.0,,,,,,,,,,,,
1979-05-31,10.31,,12.0,11.0,,4.25,11.25,1.0,6.5,,,,,9.0,,,,,,,,,,,,
1979-06-30,10.54,,14.0,12.0,,4.25,11.25,1.0,6.5,,,,,9.0,,,,,,,,,,,,
1979-07-31,10.81,,14.0,10.0,,5.25,11.75,1.0,7.0,,,,,9.0,,,,,,,,,,,,
1979-08-31,11.29,,14.0,12.5,,5.25,11.75,1.0,7.0,,,,,9.0,,,,,,,,,,,,
1979-09-30,12.16,,14.0,11.0,,5.25,12.25,1.0,8.0,,,,,9.0,,,,,,,,,,,,
1979-10-31,14.82,,14.0,8.5,,5.25,14.0,1.0,8.0,,,,,9.0,,,,,,,,,,,,
1979-11-30,13.96,,17.0,9.5,,6.25,14.0,2.0,9.0,,,,,9.0,,,,,,,,,,,,
1979-12-31,14.77,,17.0,8.0,,6.25,14.0,2.0,9.0,,,,,9.0,,,,,,,,,,,,
1980-01-31,13.4,,17.0,11.0,,6.25,14.0,2.0,10.0,,,,,9.0,,,,,,,,,,,,
1980-02-29,16.33,,17.0,10.0,,7.25,14.0,3.0,10.0,,,,,9.0,,,,,,,,,,,,
1980-03-31,19.85,,17.0,10.0,,9.0,15.49,3.0,10.0,,,,,9.0,,,,,,,,,,,,
1980-04-30,14.64,,17.0,11.0,,9.0,15.67,3.0,10.0,,,,,9.0,,,,,,,,,,,,
1980-05-31,11.06,,17.0,13.25,,9.0,11.83,3.0,10.0,,,,,9.0,,,,,,,,,,,,
1980-06-30,10.44,,17.0,42.5,,9.0,10.63,3.0,10.0,,,,,9.0,,,,,,,,,,,,
1980-07-31,9.93,,16.0,13.5,,9.0,10.31,3.0,10.0,,,,,9.0,,,,,,,,,,,,
1980-08-31,10.74,,16.0,13.0,,8.25,10.74,3.0,10.0,,,,,9.0,,,,,,,,,,,,
1980-09-30,13.19,,16.0,10.5,,8.25,11.2,3.0,10.0,,,,,9.0,,,,,,,,,,,,
1980-10-31,13.77,,16.0,11.5,,8.25,12.16,3.0,10.0,,,,,9.0,,,,,,,,,,,,
1980-11-30,18.56,,14.0,14.5,,7.25,13.95,3.0,10.0,,,,,9.0,,,,,,,,,,,,
1980-12-31,22.0,,14.0,12.5,,7.25,17.26,3.0,10.0,,,7.0,,9.0,,,,,,,,,,,,
1981-01-31,17.25,,14.0,12.0,,7.25,17.11,3.0,12.0,,,7.0,,9.0,,,,,,,,,,,,
1981-02-28,15.53,,14.0,12.5,,7.25,17.08,4.0,12.0,,,8.0,,9.0,,,,,,,,,,,,
1981-03-31,14.63,,12.0,11.5,,6.25,16.69,4.0,12.0,,,8.0,,9.0,,,,,,,,,,,,
1981-04-30,18.92,,12.0,13.75,,6.25,17.6,4.0,12.0,,,8.0,,9.0,,,,,,,,,,,,
1981-05-31,17.56,,12.0,14.5,,6.25,18.68,5.0,12.0,,,9.5,,9.0,,,,,,,,,,,,
1981-06-30,18.64,,12.0,27.5,,6.25,19.08,5.0,12.0,,,10.5,,9.0,,,,,,,,,,,,
1981-07-31,17.46,,12.0,16.25,,6.25,20.54,5.0,12.0,,,12.5,,10.0,,,,,,,,,,,,
1981-08-31,16.83,,12.6875,15.25,,6.25,21.07,5.0,12.0,,,12.5,,10.0,,,,,,,,,,,,
1981-09-30,16.58,,14.0,16.25,,6.25,19.63,6.0,12.0,,,12.5,,10.0,,,,,,,,,,,,
1981-10-31,14.44,,15.125,14.75,,6.25,18.21,6.0,11.0,,,12.5,,10.0,,,,,,,,,,,,
1981-11-30,12.44,,14.5625,15.0,,6.25,15.32,6.0,11.0,,,12.5,,10.0,,,,,,,,,,,,
1981-12-31,13.13,,14.375,14.75,,5.5,14.66,6.0,11.0,,,13.5,,10.0,,,,,,,,,,,,
1982-01-31,14.21,,13.875,15.38,,5.5,14.59,6.0,11.0,,,13.5,,10.0,,,,,,,,,,,,
1982-02-28,13.74,,13.625,16.25,,5.5,14.83,6.0,11.0,,,13.5,,10.0,,,,,,,,,,,,
1982-03-31,16.8,,13.25,16.75,,5.5,15.11,6.0,10.0,,,13.5,,10.0,,,,,,,,,,,,
1982-04-30,15.28,,13.125,20.38,,5.5,15.23,6.0,10.0,,,13.5,,10.0,,,,,,,,,,,,
1982-05-31,13.38,,13.125,18.25,,5.5,15.43,6.0,10.0,,,13.5,,10.0,,,,,,,,,,,,
1982-06-30,14.58,,12.625,27.5,,5.5,16.58,6.0,10.0,,,13.5,,10.0,,,,,,,,,,,,
1982-07-31,11.41,,11.625,17.0,,5.5,15.5,6.0,10.0,,,13.5,,10.0,,,,,,,,,,,,
1982-08-31,10.63,,10.625,18.75,,5.5,13.95,5.0,10.0,,,13.5,,10.0,,,,,,,,,,,,
1982-09-30,12.17,,10.125,19.0,,5.5,12.98,5.0,10.0,,,13.5,,10.0,,,,,,,,,,,,
1982-10-31,9.41,,9.625,15.5,,5.5,11.46,5.0,10.0,,,13.5,,10.0,,,,,,,,,,,,
1982-11-30,8.93,,10.0,14.25,,5.5,10.97,5.0,10.0,,,13.5,,10.0,,,,,,,,,,,,
1982-12-31,11.2,,10.0,10.5,,5.5,10.05,4.5,10.0,,,13.5,,10.0,,,,,,,,,,,,
1983-01-31,8.56,,11.0,11.25,,5.5,9.83,4.5,9.0,,,13.5,,10.0,,,,,,,,,,,,
1983-02-28,8.53,,11.0,17.25,,5.5,9.48,4.5,9.0,,,13.5,,10.0,,,,,,,,,,,,
1983-03-31,10.81,,10.5625,13.88,,5.5,9.42,4.0,9.0,,,13.5,,10.0,,,,,,,,,,,,
1983-04-30,8.84,,10.0625,14.0,,5.5,9.37,4.0,8.5,,,13.5,,10.0,,,,,,,,,,,,
1983-05-31,8.94,,10.0625,13.5,,5.5,9.5,4.0,8.5,,,13.5,,10.0,,,,,,,,,,,,
1983-06-30,10.06,,9.5625,15.5,,5.5,9.42,4.0,8.5,,,13.5,,10.0,,,,,,,,,,,,
1983-07-31,9.52,,9.5625,11.5,,5.5,9.49,4.0,8.5,,,13.5,,10.0,,,,,,,,,,,,
1983-08-31,9.59,,9.5625,10.0,,5.5,9.57,4.0,8.5,,,13.5,,10.0,,,,,,,,,,,,
1983-09-30,10.59,,9.5625,13.75,,5.5,9.49,4.0,8.5,,,13.5,,10.0,,,,,,,,,,,,
1983-10-31,9.43,,9.0625,12.75,,5.0,9.49,4.0,8.5,,,13.5,,10.0,,,,,,,,,,,,
1983-11-30,9.34,,9.0625,11.25,,5.0,9.63,4.0,8.5,,,13.5,,10.0,,,,,,,,,,,,
1983-12-31,9.92,,9.0625,6.0,,5.0,9.96,4.0,8.5,,,17.75,,10.0,,,,,,,,,,,,
1984-01-31,9.35,,9.0625,9.75,,5.0,9.98,4.0,8.5,,,17.75,,10.0,,,,,,,,,,,,
1984-02-29,9.45,,9.0625,12.88,,5.0,10.04,4.0,8.5,,,17.75,,10.0,,,,,,,,,,,,
1984-03-31,10.24,,8.5625,14.25,,5.0,10.78,4.0,8.5,,,17.75,,10.0,,,,,,,,,,,,
1984-04-30,10.9,,8.5625,14.25,,5.0,10.84,4.0,8.5,,,17.75,,10.0,,,,,,,,,,,,
1984-05-31,10.81,,9.0625,13.5,,5.0,11.54,4.0,8.5,,,17.75,,10.0,,,,,,,,,,,,
1984-06-30,10.85,,8.875,14.63,,5.0,12.36,4.0,9.5,,,17.75,,10.0,,,,,,,,,,,,
1984-07-31,11.83,,12.0,11.88,,5.0,12.98,4.0,9.5,,,18.75,,10.0,,,,,,,,,,,,
1984-08-31,11.64,,10.5,12.38,,5.0,12.38,4.0,9.5,,,21.75,,10.0,,,,,,,,,,,,
1984-09-30,11.23,,10.5,12.13,,5.0,12.27,4.0,9.5,,,21.75,,10.0,,,,,,,,,,,,
1984-10-31,9.99,,10.5,12.75,,5.0,11.71,4.0,9.5,,,21.75,,10.0,,,,,,,,,,,,
1984-11-30,8.92,,9.5,11.13,,5.0,10.75,4.0,9.5,,,20.75,,10.0,,,,,,,,,,,,
1984-12-31,8.74,,9.5,11.25,,5.0,10.09,4.0,9.5,,,20.75,,10.0,,,,,,,,,,,,
1985-01-31,8.73,,13.875,11.88,15.7,5.0,9.75,4.0,9.5,,,21.75,,10.0,,,,,,,,,,,,
1985-02-28,8.74,,13.875,14.25,54.3,5.0,11.52,4.0,9.5,,,21.75,,10.0,,,,,,,,,,,,
1985-03-31,8.58,,12.875,13.38,21.5,5.0,10.65,4.0,9.5,,,21.75,,10.0,,,,,,,,,,,,
1985-04-30,8.58,,12.375,15.88,19.0,5.0,10.02,4.0,9.5,,,21.75,,10.0,,,,,,,,,,,,
1985-05-31,7.64,,12.375,14.88,23.7,5.0,9.76,4.0,11.5,,,19.75,,10.0,,,,,,,,,,,,
1985-06-30,7.95,,12.375,19.75,21.2,5.0,9.58,4.0,11.5,,,18.75,,10.0,,,,,,,,,,,,
1985-07-31,8.61,,11.375,16.63,22.5,5.0,9.31,4.0,10.5,,,17.75,,10.0,,,,,,,,,,,,
1985-08-31,7.8,,11.375,16.13,42.0,5.0,9.2,4.0,10.5,,,16.0,,10.0,,,,,,,,,,,,
1985-09-30,8.84,,11.375,16.25,50.0,5.0,9.0,4.0,10.5,,,15.0,,10.0,,,,,,,,,,,,
1985-10-31,8.08,,11.375,16.38,21.0,5.0,8.78,4.0,10.5,,,14.0,,10.0,,,,,,,,,,,,
1985-11-30,8.54,,11.375,18.75,22.5,5.0,9.1,4.0,10.5,,,13.0,,10.0,,,,,,,,,,,,
1985-12-31,7.75,,11.375,19.0,19.0,5.0,9.49,4.0,10.5,,,13.0,,10.0,,,,,,,,,,,,
1986-01-31,7.75,,12.375,18.75,20.0,4.5,10.8,4.0,9.5,,,12.0,,10.0,,,,,,,,,12.0,,,
1986-02-28,7.75,,12.375,17.0,21.3,4.5,11.8,4.0,9.5,,,12.0,,10.0,,,,,,,,,6.0,,,
1986-03-31,7.25,,11.375,16.75,21.0,4.0,10.44,4.0,8.5,13.0,,12.0,,10.0,,,,,,,,,15.0,,,
1986-04-30,6.75,,10.375,15.38,20.75,3.5,9.27,4.0,8.0,13.0,,12.0,,10.0,,,,,,,,,15.0,,,
1986-05-31,6.8125,,9.875,14.75,16.3,3.5,8.58,4.0,8.0,14.0,,11.0,,10.0,,,,,,,,,5.0,,,
1986-06-30,6.875,,9.875,19.0,16.75,3.5,8.84,4.0,8.0,14.0,,11.0,18.26,10.0,,,,,,,,,9.0,,,
1986-07-31,6.375,,9.875,15.25,15.4,3.5,8.51,4.0,8.0,14.0,,11.0,25.08,10.0,,,,,,,,,12.0,,,
1986-08-31,5.875,,9.875,18.13,15.5,3.5,8.58,4.0,8.0,14.0,,10.5,39.87,10.0,,,,,,,,,5.0,,,
1986-09-30,5.875,,9.875,17.63,15.6,3.5,8.6,4.0,7.5,14.0,,10.0,39.78,10.0,,,,,,,,,6.0,,,
1986-10-31,5.875,,10.875,16.0,17.7,3.5,8.55,4.0,7.5,14.0,,10.0,25.46,10.0,,,,,,,,,5.0,,,
1986-11-30,5.875,,10.875,16.0,18.9,3.0,8.49,4.0,7.5,14.0,,10.0,42.42,10.0,,,,,,,,,6.0,,,
1986-12-31,5.875,,10.875,14.75,27.0,3.0,8.49,4.0,7.5,14.8,,9.5,115.56,10.0,,,,,,,,,15.0,,,
1987-01-31,6.0,,10.875,16.7,26.25,3.0,7.49,3.5,8.7,14.5,,9.5,321.14,10.0,,,10.5,,,,,,5.0,,,
1987-02-28,6.0,,10.875,16.43,24.75,2.5,7.53,3.5,11.5,13.8,,9.5,298.36,10.0,,,10.5,,,,,,6.0,,,
1987-03-31,6.0,,9.875,15.95,34.0,2.5,7.05,3.5,11.73,13.8,,9.5,322.76,10.0,,,10.5,,,,,,8.0,,,
1987-04-30,6.5,,9.375,14.2,27.8,2.5,8.33,3.5,8.5,13.8,,9.5,926.77,10.0,,,10.5,,,,,,7.0,,,
1987-05-31,6.75,,8.875,13.38,20.85,2.5,8.44,3.5,8.74,13.8,,9.5,1330.62,10.0,,,10.5,,,,,,5.0,,,
1987-06-30,6.75,,8.875,14.25,19.5,2.5,8.54,3.5,7.9,13.8,,9.5,242.73,10.0,,,10.5,,,,,,5.0,,,
1987-07-31,6.625,,8.875,12.5,19.0,2.5,9.22,3.5,8.52,13.8,,9.5,135.13,10.0,,,10.5,,,,,,5.0,,,
1987-08-31,6.75,,9.875,12.05,17.5,2.5,9.24,3.5,8.19,13.8,,9.5,201.23,10.0,,,10.5,,,,,,8.25,,,
1987-09-30,7.3125,,9.875,11.63,17.5,2.5,9.57,3.5,8.64,13.8,,9.5,125.27,10.0,,,10.5,,,,,,5.0,,,
1987-10-31,7.3125,,9.375,12.25,21.15,2.5,8.09,3.5,8.64,13.8,,9.5,244.33,10.0,,,10.5,,,,,,13.0,,,
1987-11-30,6.8125,,8.875,11.75,16.77,2.5,8.56,3.0,8.67,13.8,,9.5,470.92,10.0,,,10.5,,,,,,12.0,,,
1987-12-31,6.8125,,8.375,11.25,15.75,2.5,8.66,2.5,8.2,13.8,,9.5,342.09,10.0,,,10.5,,,,,,9.0,,,
1988-01-31,6.625,,8.375,10.7,16.5,2.5,8.62,2.5,8.2,13.8,,9.5,891.09,10.0,,,12.0,,,,,,9.0,,,
1988-02-29,6.5,,8.875,10.73,16.78,2.5,8.57,2.5,9.05,13.8,,9.5,949.21,10.0,,,12.0,,,,,,5.0,,,
1988-03-31,6.75,,8.375,10.7,19.25,2.5,8.78,2.5,9.27,13.8,,10.5,512.86,10.0,,,12.0,,,,,,5.0,,,
1988-04-30,6.75,,7.875,10.93,22.47,2.5,9.12,2.5,9.27,13.8,,10.5,862.55,10.0,,,12.0,,,,,,5.0,,,
1988-05-31,7.25,,7.375,12.75,12.71,2.5,9.17,2.5,10.0,13.3,,11.5,598.47,10.0,,,12.0,,,,,,7.0,,,
1988-06-30,7.4375,,8.875,13.25,15.31,2.5,9.44,2.5,10.0,12.8,,11.5,788.61,10.0,,,12.0,,,,,,10.0,,,
1988-07-31,7.6875,,10.375,12.5,17.17,2.5,9.54,2.5,10.0,12.8,,12.5,2583.33,10.0,,,12.0,,,,,,5.0,,,
1988-08-31,8.125,,11.875,12.93,15.26,2.5,10.03,3.0,10.0,12.8,,12.5,997.95,10.0,,,12.0,,,,,,7.5,,,
1988-09-30,8.125,,11.875,13.6,14.42,2.5,10.58,3.0,10.0,12.8,,12.5,2400.56,10.0,,,12.0,,,,,,22.0,,,
1988-10-31,8.125,,11.875,13.63,14.0,2.5,10.54,3.0,11.0,12.4,,12.5,2559.48,10.0,,,14.0,,,,,,5.0,,,
1988-11-30,8.375,,12.875,14.68,14.47,2.5,10.84,3.0,9.0,12.4,,14.5,1623.11,10.0,,,14.0,,,,,,12.0,,,
1988-12-31,8.6875,,12.875,14.55,13.44,2.5,11.19,3.5,11.0,12.0,,14.5,2741.2,10.0,,,14.0,,,,,,14.0,,,
1989-01-31,9.0,,12.875,14.75,12.5,2.5,11.43,4.0,10.0,11.5,,14.5,778.15,10.0,,,14.0,,,,,,13.5,,,
1989-02-28,9.75,,12.875,16.3,13.53,2.5,11.86,4.0,11.0,11.0,,16.0,1039.18,10.0,,,14.0,,,,,,13.75,,,
1989-03-31,9.75,,12.875,16.4,13.25,2.5,12.39,4.0,11.0,11.0,,16.0,583.51,10.0,,,14.0,,,,,,10.0,,,
1989-04-30,9.75,,12.875,16.8,14.5,2.5,12.62,4.5,11.0,11.0,,16.0,219.97,10.0,,,14.0,,,,,,12.5,,,
1989-05-31,9.8125,,13.75,17.68,12.96,3.25,12.4,4.5,11.0,10.5,,17.0,440.15,10.0,,,14.0,,,,,,12.5,,,
1989-06-30,9.5625,,13.75,19.25,13.7,3.25,12.33,5.5,11.0,10.0,,17.0,3738.11,10.0,,,14.0,,,,,,14.0,,,
1989-07-31,9.0625,,13.75,18.18,13.62,3.25,12.36,5.5,12.0,10.0,,17.0,2700.46,10.0,,,14.0,,,,,,14.5,,,
1989-08-31,9.0625,,13.8438,17.63,14.23,3.25,12.41,5.5,12.0,10.0,,17.0,3870.12,10.0,,,14.0,,,,,,14.5,,,
1989-09-30,9.0625,,13.75,17.95,15.25,3.25,12.48,5.5,12.0,10.0,,17.0,9492.87,10.0,,,14.0,,,,,,27.5,,,
1989-10-31,8.75,,14.875,18.1,12.0,3.75,12.42,6.0,11.0,10.0,,18.0,13871.81,10.0,,,14.0,,,,,,8.0,,,
1989-11-30,8.5,,14.875,18.35,15.21,3.75,12.46,6.0,12.0,11.0,,18.0,18660.88,10.0,,,14.0,,,,,,10.0,,,
1989-12-31,8.25,,14.875,17.9,13.5,4.25,12.47,6.0,12.0,11.0,,18.0,103484.21,10.0,,,17.0,,,,,,10.0,,,
1990-01-31,8.25,,14.875,17.25,13.88,4.25,12.29,6.0,13.0,11.0,,18.0,97138.29,10.0,,,17.0,,,,,,10.0,,,
1990-02-28,8.25,,14.875,16.75,12.5,4.25,13.25,6.0,13.0,11.0,,18.0,355085.64,10.0,,,17.0,,,,,,10.0,,,
1990-03-31,8.25,,14.875,16.75,12.98,5.25,13.51,6.0,13.0,11.0,,18.0,351.15,10.0,,,17.0,,,,,,7.5625,,,
1990-04-30,8.25,,14.875,15.25,13.0,5.25,13.8,6.0,12.0,11.0,,18.0,64.75,10.0,,,17.0,,,,,,7.5625,,,
1990-05-31,8.25,,14.875,15.25,14.75,5.25,13.92,6.0,12.0,11.0,,18.0,97.78,10.0,,,17.0,,,,,,7.5625,,,
1990-06-30,8.25,,14.875,15.25,13.35,5.25,13.83,6.0,12.0,11.0,,18.0,460.96,10.0,,,21.0,,,,,,4.125,,,
1990-07-31,8.0,,14.875,15.25,14.0,5.25,13.48,6.0,12.0,11.0,,18.0,274.79,10.0,,,21.0,,,,,,11.0,,,
1990-08-31,8.0,,14.875,14.0,13.5,6.0,12.92,6.0,13.0,10.5,,18.0,394.13,10.0,,,21.0,,,,,,21.5625,,,
1990-09-30,8.0,,14.875,14.0,13.88,6.0,12.65,6.0,12.0,10.5,,18.0,951.43,10.0,,,21.0,,,,,,7.9082,,,
1990-10-31,7.75,,13.875,13.0,12.5,6.0,12.66,6.0,16.0,10.5,,18.0,434.46,10.0,,,22.0,,,,,,7.9082,,,
1990-11-30,7.5,,13.875,13.0,12.5,6.0,12.26,6.0,14.0,10.5,,18.0,1512.1,10.0,,,22.0,,,,,,7.9082,,,
1990-12-31,7.0,,13.875,12.0,11.25,6.0,11.72,6.0,14.0,10.5,,18.0,1618.59,10.0,,,22.0,,,,,,19.308,,,
1991-01-31,6.75,,13.875,12.0,11.15,6.0,10.73,6.0,13.0,10.5,,18.0,1329.1,10.0,,,22.0,,,,,,8.0,,,
1991-02-28,6.25,,12.875,12.0,12.0,6.0,9.97,6.0,12.0,10.5,,18.0,179.24,10.0,,,22.0,,,,,,7.0,,,
1991-03-31,6.0,,12.375,12.0,12.0,6.0,9.92,6.0,12.0,10.2,,17.0,243.59,10.0,,,22.0,,,,,,5.5,,,
1991-04-30,5.75,,11.875,11.5,10.4,6.0,9.49,6.0,12.0,9.75,,17.0,193.85,10.0,,,22.0,,,,,,4.5,,,
1991-05-31,5.75,,11.375,10.5,10.2,6.0,9.06,6.0,10.0,9.5,,17.0,217.09,10.0,,,22.0,,,,,,5.0,,,
1991-06-30,5.75,,11.375,10.5,10.05,6.0,8.9,6.0,10.0,9.5,,17.0,254.38,10.0,,,22.0,,,,,,5.386,,,
1991-07-31,5.75,,10.875,10.5,9.75,5.5,8.94,6.0,10.0,9.5,,17.0,323.06,11.0,,,22.0,,,,,,13.5,,,
1991-08-31,5.5,,10.875,10.5,9.4,5.5,8.78,7.0,10.0,9.5,,17.0,712.92,11.0,,,22.0,,,,,,16.5,,,
1991-09-30,5.25,,10.375,9.5,7.6,5.5,8.59,7.0,10.0,10.0,,17.0,766.04,11.0,,,22.0,,,,,,16.5,,,
1991-10-31,5.0,,10.375,9.5,8.3,5.5,8.04,7.0,10.5,10.0,,17.0,3220.51,12.0,,,22.0,,,,,,5.0,,,
1991-11-30,4.75,,10.375,8.5,8.25,5.0,7.66,7.0,11.5,10.0,,17.0,3223.26,12.0,,,22.0,,,,,,4.5,,,
1991-12-31,4.0,,10.375,8.5,7.2,4.5,7.67,7.0,14.5,10.0,,17.0,1795.51,12.0,,,22.0,,,,,,6.0,,,
1992-01-31,4.0,,10.375,7.5,7.2,4.5,7.29,7.0,12.0,10.0,,17.0,2016.77,12.0,,,22.0,,,,,,4.5,,,
1992-02-29,4.0,,10.375,7.5,7.3,4.5,7.5,7.0,12.0,10.0,,17.0,2201.81,12.0,,,22.0,,,,,,4.5,,,
1992-03-31,4.0,,10.375,7.5,6.8,4.5,7.49,7.0,11.0,10.0,,16.0,1724.48,12.0,,,22.0,,,,,,5.0,,,
1992-04-30,3.75,,10.375,7.5,6.7,3.75,6.97,7.0,11.5,10.0,,16.0,1350.64,12.0,,,22.0,,,,,,6.0,,,
1992-05-31,3.75,,9.875,6.5,6.8,3.75,6.33,7.0,11.5,10.0,,16.0,1208.56,12.0,,,22.0,,,,,,7.0,,,
1992-06-30,3.75,,9.875,6.5,6.5,3.75,5.85,7.0,11.5,10.0,,15.0,1204.21,12.0,,,22.0,,,,,,10.0,,,
1992-07-31,3.25,,9.875,5.75,6.2,3.25,5.42,7.0,12.0,10.0,,15.0,1323.17,12.0,,,22.0,,,,,,14.0,,,
1992-08-31,3.25,,9.875,5.75,6.2,3.25,5.07,7.0,16.0,10.0,,15.0,1573.51,12.0,,,22.0,,,,,,15.5,,,
1992-09-30,3.0,,8.875,5.75,6.45,3.25,5.69,6.0,40.0,11.0,,15.0,1859.52,12.0,,,22.0,,,,,,14.25,,,
1992-10-31,3.0,,7.875,5.75,6.1,3.25,6.3,6.0,12.5,11.0,,15.0,1987.11,12.0,,,21.0,,,,,,13.5,,,
1992-11-30,3.0,,6.875,5.75,6.05,3.25,8.82,6.0,12.5,17.0,,14.0,1303.21,12.0,,,21.0,,,,,,13.0,,,
1992-12-31,3.0,,6.875,5.75,8.45,3.25,7.36,6.0,11.0,11.0,,14.0,1657.56,12.0,,,21.0,,,,,,12.8125,,,
1993-01-31,3.0,,5.875,5.75,7.75,3.25,6.81,5.5,10.5,10.0,,14.0,3346.62,12.0,,37.0,20.0,,,,,,12.0,,,
1993-02-28,3.0,,5.875,5.75,7.5,2.5,6.09,5.5,9.75,9.25,,13.0,2184.68,12.0,,33.0,20.0,,,,,,11.5,,,
1993-03-31,3.0,,5.875,5.25,6.8,2.5,5.36,5.0,9.75,8.75,,13.0,2411.27,12.0,,33.0,20.0,,,,,,10.5625,,,
1993-04-30,3.0,,5.875,5.25,6.6,2.5,5.6,5.0,9.25,7.75,,13.0,2784.2,12.0,,33.0,20.0,,,,,,9.5,,,
1993-05-31,3.0,,5.875,5.25,6.05,2.5,5.1,5.0,8.75,7.5,,13.0,2871.56,12.0,,33.0,19.0,,,,,,9.75,,,
1993-06-30,3.0,,5.875,5.25,5.75,2.5,4.79,5.0,8.75,6.0,,13.0,2421.71,12.0,,33.0,19.0,,,,,,9.125,,,
1993-07-31,3.0,,5.875,4.75,5.05,2.5,4.41,4.5,8.5,6.0,,13.0,2699.41,12.0,,33.0,19.0,,9.6,,,,13.0,,,
1993-08-31,3.0,,5.875,4.75,5.15,2.5,4.99,4.5,8.0,5.5,,13.0,3601.04,12.0,,33.0,19.0,,9.0,,,,11.0,,,
1993-09-30,3.0,,5.875,4.75,5.2,1.75,4.9,4.5,8.0,5.5,,13.0,5709.52,12.0,,33.0,22.0,,9.0,,,,10.9375,,,
1993-10-31,3.0,,5.875,4.75,4.9,1.75,4.63,4.25,7.75,5.0,,12.0,5904.79,12.0,,33.0,22.0,,9.0,,,,12.5,,,
1993-11-30,3.0,,5.375,4.75,6.1,1.75,4.34,4.25,7.75,4.75,,12.0,5880.04,12.0,,33.0,22.0,,9.7,,,,13.0,,,
1993-12-31,3.0,,5.375,4.75,4.8,1.75,4.11,4.0,7.75,5.0,,12.0,5571.91,12.0,,33.0,22.0,,10.5,,,,12.5,,,
1994-01-31,3.0,,5.375,4.75,6.0,1.75,3.88,4.0,7.5,5.0,,12.0,8862.72,12.0,,33.0,22.0,,10.5,,,,12.0,,,
1994-02-28,3.25,,5.125,4.75,6.0,1.75,4.1,4.0,7.25,4.75,,12.0,11521.55,12.0,,33.0,22.0,,10.5,,,,12.5,,,
1994-03-31,3.5,,5.125,4.75,9.5,1.75,5.64,4.0,7.25,4.75,,12.0,14440.99,12.0,,33.0,22.0,,10.5,,,,12.5,,,
1994-04-30,3.75,,5.125,4.75,6.1,1.75,6.07,3.5,7.25,4.75,,12.0,10788.79,12.0,,33.0,22.0,,10.5,,,,12.0,,,
1994-05-31,4.25,,5.125,4.75,4.9,1.75,6.59,3.5,7.0,4.75,,12.0,9125.33,12.0,,31.0,22.0,,11.5,,,,11.5,,,
1994-06-30,4.25,,5.125,4.75,6.3,1.75,5.69,3.5,6.92,4.75,,12.0,15405.6,12.0,,31.0,25.0,,12.0,,,,11.0,,,
1994-07-31,4.25,,5.125,4.75,6.1,1.75,5.38,3.5,6.92,4.75,,12.0,70.8,12.0,,31.0,25.0,,12.5,,,,11.0,,,
1994-08-31,4.75,,5.125,5.5,5.75,1.75,5.38,3.5,7.2,4.75,,12.0,55.5,12.0,,31.0,25.0,,12.5,,,,9.2,,,
1994-09-30,4.75,,5.625,5.5,6.5,1.75,5.0,3.5,7.2,4.75,,13.0,57.33,12.0,,31.0,25.0,,15.5,,,,8.0,,,
1994-10-31,4.75,,5.625,6.5,7.5,1.75,4.94,3.5,7.2,4.75,,13.0,64.76,12.0,,31.0,25.0,,15.5,,,,8.5,,,
1994-11-30,5.5,,5.625,6.5,7.7,1.75,5.44,3.5,7.4,4.75,,13.0,65.45,12.0,,31.0,25.0,,15.5,,,,8.5,,,
1994-12-31,5.5,,6.125,7.5,8.3,1.75,5.69,3.5,7.6,4.75,,13.0,49.86,12.0,,31.0,25.0,,17.0,,,,8.5,,,
1995-01-31,5.5,,6.125,7.5,8.3,1.75,7.25,3.5,7.6,4.75,,13.0,46.14,12.0,,31.0,25.0,,17.0,,,,9.0,,,
1995-02-28,6.0,,6.625,7.5,9.0,1.75,8.12,3.5,7.83,4.75,,14.0,56.28,12.0,,34.0,28.0,,16.3,,,,25.0,,,
1995-03-31,6.0,,6.625,7.5,9.0,1.75,8.06,3.0,8.2,4.75,,14.0,65.73,12.0,,34.0,28.0,,14.8,,,,12.0,,,
1995-04-30,6.0,,6.625,7.5,8.9,1.0,7.97,3.0,8.41,4.75,,14.0,85.43,12.0,,34.0,28.0,,14.0,,,,11.0,,45.0,
1995-05-31,6.0,,6.625,7.5,9.05,1.0,7.59,3.0,8.41,4.75,,14.0,60.94,12.0,,30.0,28.0,,14.0,,,,9.5,,45.0,
1995-06-30,6.0,,6.625,7.5,9.0,1.0,7.19,3.0,8.66,4.75,,15.0,60.8,12.0,,30.0,28.0,,13.5,,,,8.75,,45.0,
1995-07-31,5.75,,6.625,7.5,8.9,1.0,6.56,2.5,8.91,4.75,,15.0,60.4,12.0,,30.0,28.0,,13.2,,,,7.25,,45.0,
1995-08-31,5.75,,6.625,7.5,9.65,1.0,6.25,2.5,8.91,4.75,,15.0,50.87,12.0,,30.0,28.0,,13.2,,,,7.5,,45.0,
1995-09-30,5.75,,6.625,7.5,9.45,0.5,6.19,2.0,8.91,4.75,,15.0,50.37,12.0,,28.0,28.0,,13.7,,,,8.5,,45.0,
1995-10-31,5.75,,6.625,7.5,8.35,0.5,6.19,2.0,8.91,4.75,,15.0,42.99,12.0,,28.0,28.0,,14.2,,,,9.125,,45.0,
1995-11-30,5.75,,6.625,7.5,8.5,0.5,5.94,2.0,8.91,4.75,,15.0,41.91,12.0,,28.0,28.0,,14.2,,,,14.0,,45.0,
1995-12-31,5.5,,6.375,7.5,9.0,0.5,5.78,1.5,8.91,4.75,,15.0,40.25,12.0,,28.0,28.0,11.3,13.7,,,,14.0,,41.0,
1996-01-31,5.25,,6.125,7.5,8.45,0.5,5.56,1.5,8.45,4.75,,15.0,33.93,12.0,,26.0,28.0,11.3,13.7,,,,13.875,,41.0,
1996-02-29,5.25,,6.125,7.5,9.1,0.5,5.19,1.5,8.05,4.75,,15.0,34.38,12.0,,26.0,27.0,11.3,14.0,,,,14.0,,38.0,
1996-03-31,5.25,,5.9375,7.5,9.15,0.5,5.0,1.5,7.4,4.5,,15.0,29.84,12.0,,26.0,27.0,11.5,14.0,,,,13.75,,35.0,
1996-04-30,5.25,,5.9375,7.5,9.55,0.5,4.75,1.5,6.9,4.5,,16.0,25.97,12.0,,26.0,27.0,11.6,14.8,,,,12.6875,,35.0,
1996-05-31,5.25,,5.9375,7.5,9.5,0.5,4.75,1.5,6.5,4.5,,16.0,28.75,12.0,,26.0,26.0,11.8,15.5,,,,12.0,,35.0,
1996-06-30,5.25,,5.6875,7.5,9.8,0.5,4.75,1.5,6.1,4.5,,16.0,24.4,12.0,,26.0,26.0,12.4,17.0,,,,11.875,,35.0,
1996-07-31,5.25,,5.6875,7.0,10.0,0.5,4.5,1.5,5.55,4.5,,16.0,22.9,12.0,,25.0,25.5,12.4,17.0,,,,11.0,,35.0,
1996-08-31,5.25,,5.6875,7.0,9.9,0.5,4.0,1.5,5.25,4.5,,16.0,24.06,12.0,,25.0,25.5,12.4,15.8,,,,10.25,,35.0,
1996-09-30,5.25,,5.6875,7.0,10.05,0.5,4.0,1.0,5.05,4.5,,16.0,25.05,12.0,,25.0,24.5,12.4,15.5,,,,11.0,,35.0,
1996-10-31,5.25,,5.9375,7.0,9.45,0.5,3.25,1.0,4.6,4.5,,16.0,22.95,12.0,,25.0,23.0,12.4,15.2,,,,11.0,,35.0,
1996-11-30,5.25,,5.9375,6.5,9.4,0.5,3.0,1.0,4.35,4.0,,17.0,24.9,12.0,,25.0,23.0,12.4,15.2,,,,10.75,,33.0,
1996-12-31,5.25,,5.9375,6.0,7.9,0.5,3.0,1.0,4.1,4.0,,17.0,23.0,12.0,,25.0,23.0,12.4,14.7,,,,10.75,,33.0,
1997-01-31,5.25,,5.9375,6.0,7.4,0.5,3.0,1.0,4.1,3.25,,17.0,21.3,12.0,,25.0,22.5,12.4,14.2,,,,10.5,,33.0,
1997-02-28,5.25,,5.9375,6.0,7.4,0.5,3.0,1.0,4.1,3.25,,17.0,25.92,12.0,,25.0,22.5,12.4,13.9,,,,10.5,7.25,33.0,
1997-03-31,5.5,,5.9375,6.0,7.5,0.5,3.0,1.0,4.1,3.25,,17.0,23.76,12.0,,25.0,21.5,12.4,13.9,,,,9.9,7.25,28.5,
1997-04-30,5.5,,5.9375,6.0,6.35,0.5,3.0,1.0,4.1,3.25,,17.0,20.7,11.0,,25.0,21.5,12.4,13.9,,,,10.25,7.0,28.5,
1997-05-31,5.5,,6.25,5.5,7.0,0.5,3.0,1.0,4.1,3.25,,17.0,21.84,11.0,,25.0,21.5,12.4,13.9,,,,16.0,7.0,27.5,
1997-06-30,5.5,,6.5,5.5,6.55,0.5,3.25,1.0,4.1,3.25,,17.0,20.7,10.0,,25.0,21.5,18.2,12.7,,,,15.0,6.75,27.5,
1997-07-31,5.5,,6.75,5.0,8.1,0.5,3.25,1.0,4.1,3.5,,17.0,18.74,10.0,,25.0,21.0,14.9,12.7,,,,20.0,6.75,27.5,
1997-08-31,5.5,,7.0,5.0,7.8,0.5,3.25,1.0,4.1,3.5,,17.0,20.7,10.0,,27.0,21.0,14.5,13.4,,,,12.0,6.75,27.0,
1997-09-30,5.5,,7.0,5.0,7.5,0.5,3.25,1.0,4.1,3.5,,17.0,19.67,10.0,,27.0,20.5,14.5,13.4,,,,12.0,6.5,27.0,
1997-10-31,5.5,,7.0,5.0,7.5,0.5,3.5,1.0,4.1,3.5,,16.0,38.98,9.0,,27.0,20.5,14.8,13.4,,,,12.0,6.5,27.0,
1997-11-30,5.5,,7.25,5.0,6.9,0.5,3.75,1.0,4.1,3.5,,16.0,46.02,9.0,,27.0,20.5,14.8,13.4,,,,12.0,6.5,27.0,
1997-12-31,5.5,,7.25,5.0,8.35,0.5,4.25,1.0,4.35,3.5,,16.0,38.74,9.0,,27.0,20.5,14.75,13.4,,,,11.0,6.5,27.0,
1998-01-31,5.5,,7.25,5.0,8.6,0.5,4.75,1.0,4.35,3.5,,16.0,34.5,11.0,,27.0,20.5,14.75,12.9,,,,14.0,7.0,27.0,
1998-02-28,5.5,,7.25,5.0,8.9,0.5,4.75,1.0,4.35,3.5,,16.0,34.5,11.0,,24.0,20.0,14.75,12.6,,,,13.0,8.5,30.0,
1998-03-31,5.5,,7.25,5.0,10.1,0.5,4.75,1.0,4.35,3.75,,15.0,28.0,10.5,,24.0,20.0,15.0,12.2,,,,13.0,8.5,30.0,
1998-04-30,5.5,,7.25,5.0,9.0,0.5,4.75,1.0,4.35,3.75,,14.927,23.25,9.0,,23.0,19.5,15.0,11.9,,,,13.5,8.5,30.0,
1998-05-31,5.5,,7.25,5.0,8.65,0.5,4.75,1.0,4.35,4.25,,18.0,21.75,9.0,,21.5,19.5,15.0,11.6,,,,13.125,8.5,32.0,
1998-06-30,5.5,,7.5,5.0,8.45,0.5,4.75,1.0,4.1,4.5,,20.209,21.0,9.0,,21.5,19.0,15.0,11.3,,,,13.125,8.5,32.0,
1998-07-31,5.5,,7.5,5.0,6.9,0.5,4.75,1.0,4.1,5.0,,21.346,19.75,9.0,,19.0,19.0,14.5,11.0,,,,13.0,8.5,32.0,
1998-08-31,5.5,,7.5,5.0,6.0,0.5,5.75,1.0,4.1,8.0,,21.854,19.75,9.0,,19.0,18.0,14.0,9.5,,,,16.0,8.5,32.0,
1998-09-30,5.25,,7.5,5.0,4.5,0.25,5.5,1.0,4.1,8.0,,21.855,19.0,9.0,,18.0,18.0,13.5,9.5,,,,16.0,14.0,32.0,
1998-10-31,5.0,,7.25,5.0,3.85,0.25,5.25,1.0,4.1,8.0,,20.718,19.0,9.0,,17.0,18.0,12.5,11.5,,,,13.75,12.0,32.0,
1998-11-30,4.75,,6.75,5.0,2.9,0.25,5.0,1.0,3.6,8.0,34.37,19.727,19.0,9.0,,17.0,18.0,11.5,13.5,,,,13.5,8.5,28.0,
1998-12-31,4.75,,6.25,4.75,3.85,0.25,5.0,1.0,3.4,8.0,33.14,19.32,29.0,9.0,,15.5,17.0,9.5,13.5,,,,13.375,7.8,26.0,
1999-01-31,4.75,3.0,6.0,4.75,2.75,0.25,5.0,1.0,3.4,7.5,35.85,18.826,25.0,9.0,,13.0,17.0,8.0,13.5,,,,12.875,7.25,26.0,
1999-02-28,4.75,3.0,5.5,4.75,4.3,0.25,5.0,1.0,3.15,7.5,28.46,17.36,25.0,9.0,,13.0,16.0,8.0,13.0,,,,12.5,7.25,24.0,
1999-03-31,4.75,3.0,5.5,4.75,4.5,0.25,4.75,1.0,2.9,7.0,22.96,16.505,42.0,8.0,,13.0,16.0,7.5,13.0,,,,11.875,7.0,20.0,
1999-04-30,4.75,2.5,5.25,4.75,4.5,0.25,4.75,0.5,2.9,6.5,20.24,15.665,32.0,8.0,,13.0,16.0,7.2,12.0,,,,10.375,6.5,19.0,
1999-05-31,4.75,2.5,5.25,4.75,4.5,0.25,4.5,0.5,2.9,6.5,21.78,15.464,23.5,8.0,,13.0,16.0,6.9,12.0,4.75,,,9.875,6.0,18.0,
1999-06-30,5.0,2.5,5.0,4.75,4.5,0.25,4.5,0.5,2.9,6.0,21.01,14.915,21.0,8.0,,13.0,15.5,6.5,12.0,4.75,,,9.125,5.0,18.0,
1999-07-31,5.0,2.5,5.0,4.75,4.5,0.25,4.5,0.5,2.9,6.0,21.9,13.652,19.5,8.0,,13.0,15.5,6.25,11.5,4.75,,,9.0,5.0,17.0,
1999-08-31,5.25,2.5,5.0,4.75,4.5,0.25,4.5,0.5,2.9,6.0,19.51,13.44,19.5,8.0,,13.0,15.5,6.25,11.5,4.75,,,9.0,5.0,16.0,
1999-09-30,5.25,2.5,5.25,4.75,4.5,0.25,4.5,0.5,2.9,5.5,18.9,12.4,19.0,8.0,,14.0,15.5,6.0,11.5,4.75,,,9.0,5.0,16.0,
1999-10-31,5.25,2.5,5.25,4.75,4.5,0.25,4.5,0.5,2.9,5.5,17.78,12.19,19.0,8.0,,14.0,15.5,5.5,11.5,4.75,,,9.0,5.0,15.0,
1999-11-30,5.5,3.0,5.5,5.0,5.0,0.25,4.75,0.5,3.25,5.5,19.97,12.0,19.0,8.0,,16.5,15.0,5.25,11.2,4.75,,,8.75,5.0,13.0,
1999-12-31,5.5,3.0,5.5,5.0,5.0,0.25,4.75,0.5,3.25,5.5,18.39,12.0,19.0,8.0,,16.5,14.5,5.25,10.7,4.75,,,8.75,5.0,12.0,
2000-01-31,5.5,3.0,5.75,5.0,5.25,0.25,4.75,1.75,3.25,5.5,19.25,11.75,19.0,8.0,,16.5,13.0,5.25,10.3,4.75,,,8.75,5.25,12.0,
2000-02-29,5.75,3.25,6.0,5.5,5.25,0.25,5.0,2.25,3.75,5.5,17.38,11.75,19.0,8.0,,17.5,13.0,5.25,9.9,5.0,,,8.75,5.25,12.0,
2000-03-31,6.0,3.5,6.0,5.5,5.75,0.25,5.25,3.0,3.75,5.5,13.87,11.75,18.5,8.0,,17.5,12.0,5.25,9.6,5.0,,,8.75,5.5,12.0,
2000-04-30,6.0,3.75,6.0,5.75,6.0,0.25,5.25,3.0,3.75,5.75,14.46,11.75,18.5,7.0,,17.5,11.0,5.25,9.3,5.0,,,8.75,5.5,12.0,
2000-05-31,6.5,3.75,6.0,6.0,6.5,0.25,5.75,3.0,3.75,5.75,16.23,11.75,18.5,7.0,,17.5,11.0,5.25,9.3,5.0,,1.5,10.0,5.5,12.0,
2000-06-30,6.5,4.25,6.0,6.0,6.5,0.25,5.75,3.5,3.75,6.25,18.06,11.75,17.5,7.0,,17.5,11.0,5.25,9.3,5.0,,1.5,10.0,5.5,12.0,
2000-07-31,6.5,4.25,6.0,6.0,6.5,0.25,5.75,3.5,3.75,6.25,13.75,11.75,16.5,8.0,,17.5,11.0,5.25,9.1,5.0,,1.5,10.0,5.5,12.0,
2000-08-31,6.5,4.25,6.0,6.25,6.5,0.25,5.75,3.5,3.75,6.75,15.51,11.75,16.5,8.0,,19.0,11.0,5.25,8.9,5.0,,1.5,10.0,5.0,12.0,
2000-09-30,6.5,4.5,6.0,6.25,6.5,0.25,5.75,3.5,3.75,7.0,15.89,11.75,16.5,8.0,,19.0,11.0,5.25,8.6,5.0,,1.5,11.0,5.0,12.0,
2000-10-31,6.5,4.75,6.0,6.25,6.5,0.25,5.75,3.5,3.75,7.0,17.09,12.0,16.5,8.0,,19.0,11.0,5.25,8.4,5.25,,1.5,15.0,5.0,12.0,
2000-11-30,6.5,4.75,6.0,6.25,6.5,0.25,5.75,3.5,3.75,7.0,17.9,12.0,16.5,8.0,,19.0,11.0,5.25,8.2,5.25,,1.5,15.0,5.0,12.0,
2000-12-31,6.5,4.75,6.0,6.25,6.5,0.25,5.75,3.5,4.0,7.0,18.79,12.0,15.75,8.0,,19.0,11.0,5.25,8.0,5.25,,1.5,13.5,5.0,12.0,
2001-01-31,5.5,4.75,6.0,6.25,6.5,0.25,5.5,3.5,4.0,7.0,17.72,12.0,15.25,8.0,,19.0,11.0,5.25,8.0,5.25,,1.5,12.0,4.75,12.0,
2001-02-28,5.5,4.75,5.75,5.75,6.5,0.15,5.5,3.5,4.0,7.0,16.86,12.0,15.25,7.5,,19.0,11.0,5.0,7.7,5.0,,1.5,11.0,4.5,12.0,
2001-03-31,5.0,4.75,5.75,5.5,6.25,0.15,5.0,3.25,4.0,7.0,16.32,12.0,15.75,7.0,,17.0,11.0,5.0,7.2,5.0,,1.5,10.0,4.0,11.5,
2001-04-30,4.5,4.75,5.5,5.0,6.0,0.15,4.75,3.25,4.0,7.0,15.0,12.0,16.25,8.75,,17.0,11.0,5.0,7.2,5.0,,1.5,9.5,3.75,11.5,
2001-05-31,4.0,4.5,5.25,5.0,5.75,0.15,4.5,3.25,4.0,7.0,11.47,12.0,16.75,8.75,,17.0,11.0,5.0,7.0,5.0,,1.5,9.0,3.75,11.5,
2001-06-30,3.75,4.5,5.25,5.0,5.75,0.15,4.5,3.25,4.0,7.0,10.25,11.0,18.25,8.5,,15.5,11.0,5.0,6.5,5.0,,2.5,9.0,3.5,11.5,
2001-07-31,3.75,4.5,5.25,5.0,5.75,0.15,4.25,3.25,4.25,7.0,9.27,11.0,19.0,8.5,,15.5,11.25,5.25,6.3,4.75,,2.5,9.0,3.5,11.0,
2001-08-31,3.5,4.25,5.0,5.0,5.75,0.15,4.0,3.25,4.25,7.0,8.94,11.0,19.0,8.5,,14.5,11.25,5.25,6.3,4.5,,2.5,9.0,6.5,10.0,
2001-09-30,3.0,3.75,4.75,4.75,5.25,0.15,3.5,2.25,3.75,7.0,10.36,9.5,19.0,8.5,,14.5,11.0,5.25,6.3,4.0,,2.5,9.0,6.5,9.5,
2001-10-31,2.5,3.75,4.5,4.5,5.25,0.15,2.75,2.25,3.75,7.0,8.08,9.5,19.0,8.5,,13.0,10.75,5.25,6.3,4.0,,2.5,8.75,6.5,9.25,
2001-11-30,2.0,3.25,4.0,4.5,4.75,0.15,2.25,2.25,3.75,7.0,7.24,9.5,19.0,8.5,,11.5,10.25,4.75,5.8,4.0,,2.5,8.25,6.5,8.75,
2001-12-31,1.75,3.25,4.0,4.25,4.75,0.15,2.25,1.75,3.75,6.5,8.04,9.5,19.0,8.5,,11.5,9.75,4.75,3.8,4.0,,2.25,7.75,6.5,8.5,
2002-01-31,1.75,3.25,4.0,4.25,4.75,0.15,2.0,1.75,3.75,6.5,8.08,10.5,19.0,8.5,,10.0,9.0,4.5,3.8,4.0,,2.0,7.5,6.0,8.0,
2002-02-28,1.75,3.25,4.0,4.25,4.75,0.15,2.0,1.75,3.75,6.5,7.63,10.5,18.75,8.5,57.0,10.0,8.5,4.25,4.4,4.0,,2.0,7.25,5.5,8.0,
2002-03-31,1.75,3.25,4.0,4.25,5.0,0.15,2.0,1.75,4.0,6.5,7.11,11.5,18.5,8.0,54.0,10.0,8.5,4.25,4.4,4.0,,2.0,7.0,4.75,7.25,
2002-04-30,1.75,3.25,4.0,4.25,5.25,0.15,2.25,1.75,4.0,6.5,5.47,11.5,18.5,8.0,48.0,9.5,8.5,3.75,4.6,4.0,,2.0,7.0,4.75,6.25,
2002-05-31,1.75,3.25,4.0,4.5,5.5,0.15,2.25,1.25,4.25,6.5,7.33,11.5,18.5,8.0,48.0,9.0,9.0,3.75,5.6,4.25,,2.0,7.0,4.0,5.75,
2002-06-30,1.75,3.25,4.0,4.75,5.5,0.15,2.5,1.25,4.25,6.5,8.13,12.5,18.5,8.0,48.0,8.5,9.0,3.75,9.1,4.25,,2.0,7.0,4.0,5.25,
2002-07-31,1.75,3.25,4.0,4.75,5.75,0.15,2.75,0.75,4.25,7.0,5.37,12.5,18.0,8.0,48.0,8.5,9.5,3.0,9.1,4.25,,2.0,7.0,3.25,5.25,
2002-08-31,1.75,3.25,4.0,4.75,5.75,0.15,2.75,0.75,4.25,7.0,6.64,12.5,18.0,8.0,46.0,8.0,9.5,3.0,9.1,4.25,,2.0,7.0,3.0,5.25,
2002-09-30,1.75,3.25,4.0,4.75,5.75,0.15,2.75,0.75,4.25,7.0,8.05,13.5,18.0,8.0,46.0,7.5,9.5,3.0,9.1,4.25,,2.0,7.0,3.0,5.25,
2002-10-31,1.75,3.25,4.0,4.75,5.75,0.15,2.75,0.75,4.25,7.0,7.72,13.5,21.0,8.0,46.0,7.0,9.5,3.0,9.1,4.25,,2.0,7.0,3.0,5.25,
2002-11-30,1.25,3.25,4.0,4.75,5.75,0.15,2.75,0.75,4.0,7.0,7.0,13.5,22.0,7.5,44.0,6.75,9.0,2.75,9.1,4.25,,1.75,7.0,3.0,5.25,
2002-12-31,1.25,2.75,4.0,4.75,5.75,0.15,2.75,0.75,3.75,6.5,8.25,13.5,25.0,7.5,44.0,6.75,8.5,2.75,8.9,4.25,,1.75,7.0,3.0,5.25,
2003-01-31,1.25,2.75,4.0,4.75,5.75,0.15,2.75,0.75,3.75,6.0,9.01,13.5,25.5,7.5,44.0,6.5,6.5,2.5,8.9,4.25,,1.75,7.0,2.75,6.25,19.75
2003-02-28,1.25,2.75,3.75,4.75,5.75,0.15,2.75,0.75,3.75,6.0,9.27,13.5,26.5,7.5,44.0,6.25,6.5,2.5,8.9,4.25,,1.75,7.0,2.75,6.25,19.0
2003-03-31,1.25,2.5,3.75,4.75,5.75,0.15,3.0,0.375,3.5,5.5,8.92,13.5,26.5,7.0,44.0,6.0,6.5,2.5,8.7,4.25,,1.75,7.0,2.75,6.25,18.5
2003-04-30,1.25,2.5,3.75,4.75,5.5,0.15,3.25,0.375,3.5,5.5,5.85,13.5,26.5,7.0,41.0,5.75,6.5,2.5,8.7,4.25,,1.75,7.0,2.75,7.25,18.5
2003-05-31,1.25,2.5,3.75,4.75,5.5,0.15,3.25,0.375,3.5,5.0,4.79,13.5,26.5,7.0,41.0,5.5,6.5,2.5,8.0,4.0,,1.75,7.0,2.75,7.25,18.25
2003-06-30,1.0,2.0,3.75,4.75,5.25,0.15,3.25,0.375,3.0,4.0,4.36,12.0,26.0,7.0,38.0,5.25,9.5,2.25,7.5,4.0,,1.25,7.0,2.75,7.25,18.25
2003-07-31,1.0,2.0,3.5,4.75,5.0,0.15,3.0,0.375,2.75,4.0,4.07,12.0,24.5,7.0,35.0,5.25,9.5,2.25,7.0,3.75,,1.25,6.75,2.75,7.25,18.25
2003-08-31,1.0,2.0,3.5,4.75,5.0,0.15,3.0,0.375,2.75,3.0,4.57,11.0,22.0,7.0,32.0,5.25,9.5,2.0,6.5,3.75,,1.25,6.75,2.75,7.25,19.25
2003-09-30,1.0,2.0,3.5,4.75,5.0,0.15,2.75,0.375,2.75,2.5,4.3,10.0,20.0,7.0,29.0,5.25,9.5,2.0,6.1,3.75,,1.25,6.75,2.75,7.25,19.25
2003-10-31,1.0,2.0,3.5,4.75,5.0,0.15,2.75,0.375,2.75,2.5,4.73,8.5,19.0,7.0,26.0,5.25,9.5,2.0,5.6,3.75,,1.25,6.75,2.75,7.25,20.25
2003-11-30,1.0,2.0,3.75,5.0,5.0,0.15,2.75,0.375,2.75,2.5,6.26,8.5,17.5,7.0,26.0,5.25,12.5,2.0,5.2,3.75,,1.25,6.75,2.75,7.25,21.25
2003-12-31,1.0,2.0,3.75,5.25,5.0,0.15,2.75,0.375,2.75,2.25,6.12,8.0,16.5,7.0,26.0,5.25,12.5,2.0,5.2,3.75,,1.25,6.75,2.25,7.25,21.25
2004-01-31,1.0,2.0,3.75,5.25,5.25,0.15,2.5,0.375,2.75,2.0,5.2,8.0,16.5,7.0,26.0,5.25,12.5,2.0,4.5,3.75,,1.25,6.75,1.75,7.25,21.25
2004-02-29,1.0,2.0,4.0,5.25,5.25,0.15,2.5,0.375,2.5,2.0,6.71,8.0,16.5,7.0,24.0,5.25,12.5,2.0,4.3,3.75,,1.25,6.75,1.75,7.0,21.25
2004-03-31,1.0,2.0,4.0,5.25,5.25,0.15,2.25,0.375,2.5,1.75,6.13,8.0,16.25,6.0,22.0,5.25,12.25,2.0,4.3,3.75,,1.25,6.75,1.75,6.75,21.25
2004-04-30,1.0,2.0,4.0,5.25,5.5,0.15,2.0,0.375,2.0,1.75,6.26,8.0,16.0,6.0,22.0,5.25,12.0,2.0,4.1,3.75,,1.25,6.75,1.75,6.75,21.25
2004-05-31,1.0,2.0,4.25,5.25,5.5,0.15,2.0,0.375,2.0,1.75,6.35,8.0,16.0,6.0,22.0,5.25,11.5,2.0,4.1,3.75,,1.25,6.75,1.75,6.75,21.25
2004-06-30,1.25,2.0,4.5,5.25,5.75,0.15,2.0,0.5,2.0,1.75,6.53,8.0,16.0,6.0,22.0,5.25,11.5,2.25,4.1,3.75,,1.25,6.75,1.75,6.75,20.75
2004-07-31,1.25,2.0,4.5,5.25,6.0,0.15,2.0,0.5,2.0,1.75,6.76,8.0,16.0,6.0,22.0,6.0,11.5,2.25,4.1,3.75,,1.25,6.75,1.75,6.75,20.0
2004-08-31,1.5,2.0,4.75,5.25,6.0,0.15,2.0,0.5,2.0,1.75,7.17,7.5,16.0,6.0,22.0,6.5,11.0,2.5,4.1,3.5,,1.5,6.75,1.75,6.75,18.75
2004-09-30,1.75,2.0,4.75,5.25,6.25,0.15,2.25,0.75,2.0,1.75,7.62,7.5,16.25,6.0,20.0,6.5,11.0,2.5,4.1,3.5,,1.5,6.75,2.0,6.75,18.75
2004-10-31,1.75,2.0,4.75,5.25,6.5,0.15,2.5,0.75,2.0,1.75,7.81,7.5,16.75,6.0,20.0,6.5,10.5,2.5,4.1,3.5,,1.75,6.75,2.0,6.75,18.75
2004-11-30,2.0,2.0,4.75,5.25,6.5,0.15,2.5,0.75,2.0,1.75,8.27,7.5,17.25,6.0,20.0,6.5,10.0,2.5,3.9,3.25,,1.75,6.75,2.25,6.75,17.75
2004-12-31,2.25,2.0,4.75,5.25,6.5,0.15,2.5,0.75,2.0,1.75,8.75,7.5,17.75,6.0,18.0,6.5,9.5,2.5,3.7,3.25,,2.0,6.75,2.25,6.5,17.0
2005-01-31,2.25,2.0,4.75,5.25,6.5,0.15,2.5,0.75,2.0,1.75,8.82,7.5,18.25,6.0,17.0,6.5,9.0,2.25,3.5,3.25,,2.0,6.75,2.5,6.5,16.5
2005-02-28,2.5,2.0,4.75,5.25,6.5,0.15,2.5,0.75,2.0,1.75,9.21,7.5,18.75,6.0,16.5,6.5,8.25,2.25,3.5,3.25,,2.0,6.75,2.75,6.5,15.75
2005-03-31,2.75,2.0,4.75,5.5,6.75,0.15,2.5,0.75,2.0,1.75,9.51,7.5,19.25,6.0,15.5,6.0,7.75,2.25,3.5,3.25,,2.25,6.75,2.75,6.5,14.5
2005-04-30,2.75,2.0,4.75,5.5,6.75,0.15,2.5,0.75,2.0,1.75,9.6,7.0,19.5,6.0,15.0,5.5,7.5,1.75,3.5,3.25,,2.25,7.0,3.0,6.5,12.5
2005-05-31,3.0,2.0,4.75,5.5,6.75,0.15,2.5,0.75,2.0,1.75,9.75,7.0,19.75,6.0,14.5,5.5,7.25,1.75,3.5,3.25,,2.25,7.0,3.25,6.5,12.5
2005-06-30,3.25,2.0,4.75,5.5,6.75,0.15,2.5,0.75,1.5,1.75,9.76,7.0,19.75,6.0,14.25,5.0,7.0,1.75,3.5,3.25,,2.5,7.0,3.25,6.5,12.5
2005-07-31,3.25,2.0,4.75,5.5,6.75,0.15,2.5,0.75,1.5,2.0,9.75,7.0,19.75,6.0,14.25,4.75,6.75,1.75,3.5,3.25,8.5,2.75,7.0,3.5,6.5,12.5
2005-08-31,3.5,2.0,4.5,5.5,6.75,0.15,2.5,0.75,1.5,2.0,9.51,7.0,19.75,6.0,14.25,4.75,6.25,1.75,3.5,3.25,8.75,2.75,7.0,3.75,6.5,8.5
2005-09-30,3.75,2.0,4.5,5.5,6.75,0.15,2.75,0.75,1.5,2.0,9.26,7.0,19.5,6.0,14.25,4.5,6.0,1.75,3.75,3.25,10.0,3.25,7.25,4.0,6.0,7.5
2005-10-31,3.75,2.0,4.5,5.5,7.0,0.15,3.0,0.75,1.5,2.0,9.01,7.0,19.0,6.25,14.0,4.5,6.0,2.0,4.0,3.5,11.0,3.75,7.5,4.25,6.0,7.5
2005-11-30,4.0,2.0,4.5,5.5,7.0,0.15,3.0,0.75,1.5,2.25,8.76,7.0,18.5,6.25,13.75,4.5,6.0,2.0,4.0,3.5,12.25,3.75,7.5,4.5,6.0,7.5
2005-12-31,4.25,2.25,4.5,5.5,7.25,0.15,3.25,1.0,1.5,2.25,8.27,7.0,18.0,6.25,13.5,4.5,6.0,2.0,4.5,3.75,12.75,4.0,7.5,4.5,6.0,7.5
2006-01-31,4.5,2.25,4.5,5.5,7.25,0.15,3.5,1.0,1.75,2.25,7.77,7.0,17.25,6.5,13.5,4.5,6.0,2.0,4.75,3.75,12.75,4.25,7.5,4.5,6.0,7.5
2006-02-28,4.5,2.25,4.5,5.5,7.25,0.15,3.5,1.0,1.75,2.25,7.51,7.0,17.25,6.5,13.5,4.25,6.0,2.0,4.75,4.0,12.75,4.25,7.5,4.75,6.0,8.5
2006-03-31,4.75,2.5,4.5,5.5,7.25,0.0,3.75,1.25,2.0,2.5,7.27,7.0,16.5,6.5,13.5,4.0,6.0,2.0,5.0,4.0,12.75,4.5,7.5,4.75,6.0,8.5
2006-04-30,4.75,2.5,4.5,5.5,7.25,0.0,4.0,1.25,2.0,2.5,7.05,7.0,15.75,6.5,13.25,4.0,6.0,2.0,5.25,4.0,12.75,4.75,7.5,5.0,6.0,8.5
2006-05-31,5.0,2.5,4.5,5.75,7.25,0.0,4.25,1.25,2.0,2.5,7.02,7.0,15.75,6.5,13.25,4.0,6.0,2.0,5.25,4.0,12.5,4.75,7.5,5.0,6.25,8.5
2006-06-30,5.25,2.75,4.5,5.75,7.25,0.0,4.25,1.5,2.25,2.75,7.03,7.5,15.25,6.75,17.25,4.0,6.25,2.0,5.25,4.25,12.5,5.0,7.5,5.0,6.5,8.75
2006-07-31,5.25,2.75,4.5,5.75,7.25,0.25,4.25,1.5,2.25,2.75,7.03,7.5,14.75,7.0,17.5,4.0,6.75,2.25,5.5,4.25,12.25,5.0,7.5,5.25,6.5,8.75
2006-08-31,5.25,3.0,4.75,6.0,7.25,0.25,4.25,1.5,2.25,3.0,7.03,8.0,14.25,7.0,17.5,4.0,7.25,2.25,5.5,4.5,11.75,5.0,7.5,5.25,6.75,8.75
2006-09-30,5.25,3.0,4.75,6.0,7.25,0.25,4.25,1.75,2.5,3.0,7.05,8.0,14.25,7.0,17.5,4.0,7.75,2.5,5.5,4.5,11.25,5.0,7.5,5.25,6.75,8.75
2006-10-31,5.25,3.25,4.75,6.0,7.25,0.25,4.25,1.75,2.5,3.0,7.04,8.5,13.75,7.25,17.5,4.0,8.0,2.5,5.25,4.5,10.75,5.0,7.5,5.25,7.25,8.75
2006-11-30,5.25,3.25,5.0,6.25,7.25,0.25,4.25,1.75,2.75,3.25,7.05,8.5,13.25,7.25,17.5,4.0,8.0,2.5,5.0,4.5,10.25,5.0,7.5,5.25,7.25,8.75
2006-12-31,5.25,3.5,5.0,6.25,7.25,0.25,4.25,2.0,3.0,3.5,7.02,9.0,13.25,7.25,17.5,4.0,8.0,2.5,4.5,4.5,9.75,5.0,7.5,5.25,7.5,8.75
2007-01-31,5.25,3.5,5.25,6.25,7.25,0.25,4.25,2.0,3.0,3.75,7.02,9.0,13.0,7.5,17.5,4.0,8.0,2.5,4.5,4.5,9.5,4.75,7.5,5.0,7.75,8.75
2007-02-28,5.25,3.5,5.25,6.25,7.25,0.5,4.25,2.0,3.25,3.75,7.08,9.0,13.0,7.5,17.5,4.0,8.0,2.5,4.25,4.5,9.25,4.5,7.5,5.0,8.0,8.0
2007-03-31,5.25,3.75,5.25,6.25,7.5,0.5,4.25,2.25,3.25,4.0,7.04,9.0,12.75,7.5,17.5,4.0,8.0,2.5,4.0,4.5,9.0,4.5,7.5,5.0,8.25,7.5
2007-04-30,5.25,3.75,5.25,6.25,7.75,0.5,4.25,2.25,3.25,4.0,7.26,9.0,12.5,7.75,17.5,4.25,8.0,2.5,3.75,4.5,9.0,4.0,7.5,5.0,8.25,7.5
2007-05-31,5.25,3.75,5.5,6.25,7.75,0.5,4.25,2.25,3.25,4.25,7.3,9.0,12.5,7.75,17.5,4.25,8.0,2.5,3.5,4.5,8.75,3.5,7.5,5.0,8.75,7.25
2007-06-30,5.25,4.0,5.5,6.25,8.0,0.5,4.25,2.5,3.5,4.5,7.3,9.5,12.0,7.75,17.5,4.5,7.75,2.75,3.5,4.5,8.5,3.5,7.5,5.0,9.0,7.0
2007-07-31,5.25,4.0,5.75,6.25,8.25,0.5,4.5,2.5,3.5,4.5,7.29,9.5,11.5,7.75,17.5,4.5,7.75,3.0,3.75,4.75,8.25,3.25,6.0,5.25,9.25,7.0
2007-08-31,5.25,4.0,5.75,6.5,8.25,0.5,4.5,2.5,3.5,4.75,7.29,10.0,11.5,7.75,17.5,4.75,7.75,3.25,4.0,5.0,8.25,3.25,6.0,5.5,9.25,7.0
2007-09-30,4.75,4.0,5.75,6.5,8.25,0.5,4.5,2.75,3.75,5.0,7.28,10.0,11.25,7.75,17.25,4.75,7.5,3.25,4.0,5.0,8.25,3.25,6.0,5.75,9.25,7.0
2007-10-31,4.5,4.0,5.75,6.5,8.25,0.5,4.5,2.75,4.0,5.0,7.49,10.5,11.25,7.75,16.75,4.75,7.5,3.25,4.0,5.0,8.25,3.25,5.75,5.75,9.25,7.0
2007-11-30,4.5,4.0,5.75,6.75,8.25,0.5,4.5,2.75,4.0,5.0,7.51,10.5,11.25,7.75,16.25,5.0,7.5,3.5,4.0,5.0,8.25,3.25,5.5,5.75,9.5,7.5
2007-12-31,4.25,4.0,5.5,6.75,8.25,0.5,4.25,2.75,4.0,5.25,7.57,11.0,11.25,7.75,15.75,5.0,7.5,3.5,4.25,5.0,8.0,3.25,5.25,6.0,9.5,7.5
2008-01-31,3.0,4.0,5.5,6.75,8.25,0.5,4.0,2.75,4.0,5.25,7.5,11.0,11.25,7.75,15.5,5.25,7.5,3.5,4.25,5.0,8.0,3.25,5.0,6.25,9.5,8.0
2008-02-29,3.0,4.0,5.25,6.9999,8.25,0.5,4.0,2.75,4.25,5.25,7.5,11.0,11.25,7.75,15.25,5.5,7.5,3.75,3.75,5.0,8.0,3.25,5.0,6.25,9.75,9.0
2008-03-31,2.25,4.0,5.25,7.2498,8.25,0.5,3.5,2.75,4.25,5.25,7.5,11.0,11.25,7.75,15.25,5.75,7.5,3.75,3.25,5.0,8.0,3.25,5.0,6.25,9.75,9.5
2008-04-30,2.0,4.0,5.0,7.25,8.25,0.5,3.0,2.75,4.25,5.5,7.5,11.5,11.75,7.75,15.25,5.75,8.25,3.75,3.25,5.0,8.0,3.25,5.0,6.25,9.75,9.5
2008-05-31,2.0,4.0,5.0,7.25,8.25,0.5,3.0,2.75,4.25,5.5,7.5,11.5,11.75,7.75,15.75,5.75,8.5,3.75,3.5,5.0,8.25,3.25,5.0,6.25,9.75,9.75
2008-06-30,2.0,4.0,5.0,7.25,8.25,0.5,3.0,2.75,4.25,5.75,7.75,12.0,12.25,8.5,16.25,6.0,8.5,3.75,3.75,5.0,8.5,3.25,5.25,6.75,9.75,10.0
2008-07-31,2.0,4.25,5.0,7.25,8.0,0.5,3.0,2.75,4.5,5.75,8.0,12.0,13.0,9.0,16.75,6.0,8.5,3.75,4.0,5.0,8.75,3.5,5.75,7.25,10.0,10.0
2008-08-31,2.0,4.25,5.0,7.25,8.0,0.5,3.0,2.75,4.5,5.75,8.25,12.0,13.0,9.0,16.75,6.0,8.5,3.5,4.25,5.25,9.0,3.75,6.0,7.75,10.0,10.25
2008-09-30,2.0,4.25,5.0,7.0,7.5,0.5,3.0,2.75,4.75,5.75,8.25,12.0,13.75,9.0,16.75,6.0,8.5,3.5,4.25,5.25,9.25,3.75,6.0,8.25,10.0,10.25
2008-10-31,1.0,3.75,4.5,6.0,6.5,0.3,2.25,2.5,3.75,4.75,8.25,12.0,13.75,8.0,16.75,6.0,11.5,3.5,3.5,4.25,9.5,3.75,6.0,8.25,10.0,10.25
2008-11-30,1.0,3.25,3.0,5.25,6.5,0.3,2.25,1.0,3.75,4.75,8.25,12.0,13.75,7.5,16.25,5.75,11.0,2.75,2.5,4.0,9.5,3.75,6.0,8.25,10.0,10.25
2008-12-31,0.125,2.5,2.0,4.25,5.0,0.1,1.5,0.5,2.0,3.0,8.25,11.5,13.75,6.5,15.0,5.0,10.0,2.25,2.5,3.0,9.25,2.75,5.5,8.25,9.5,10.25
2009-01-31,0.125,2.0,1.5,4.25,3.5,0.1,1.0,0.5,2.0,3.0,7.75,11.5,12.75,5.5,13.0,4.25,9.5,2.25,1.0,2.5,8.75,2.0,5.0,7.25,9.5,10.25
2009-02-28,0.125,2.0,1.0,3.25,3.5,0.1,1.0,0.5,1.0,2.5,7.5,10.5,12.75,5.5,11.5,4.0,9.5,1.75,0.75,2.0,8.25,1.5,5.0,4.75,9.0,10.0
2009-03-31,0.125,1.5,0.5,3.25,3.0,0.1,0.5,0.375,1.0,2.0,6.75,9.5,11.25,5.0,10.5,3.75,9.5,1.75,0.5,2.0,7.75,1.5,4.75,2.25,7.0,10.0
2009-04-30,0.125,1.25,0.5,3.0,2.5,0.1,0.25,0.375,0.5,2.0,6.0,9.5,10.25,4.75,9.75,3.75,9.5,1.75,0.5,2.0,7.5,1.25,4.5,1.75,7.0,10.0
2009-05-31,0.125,1.0,0.5,3.0,2.5,0.1,0.25,0.375,0.5,1.5,5.25,7.5,10.25,4.75,9.25,3.75,9.5,1.5,0.5,2.0,7.25,1.25,4.25,1.25,6.0,9.5
2009-06-30,0.125,1.0,0.5,3.0,2.5,0.1,0.25,0.375,0.5,1.25,4.75,7.5,9.25,4.75,8.75,3.5,9.5,1.5,0.5,2.0,7.0,1.25,4.25,0.75,4.5,9.5
2009-07-31,0.125,1.0,0.5,3.0,2.5,0.1,0.25,0.375,0.25,1.25,4.5,7.5,8.75,4.75,8.25,3.5,8.5,1.5,0.5,2.0,6.75,1.25,4.0,0.5,4.5,9.0
2009-08-31,0.125,1.0,0.5,3.0,2.5,0.1,0.25,0.375,0.25,1.25,4.5,7.0,8.75,4.75,7.75,3.5,8.0,1.25,0.75,2.0,6.5,1.25,4.0,0.5,4.5,8.5
2009-09-30,0.125,1.0,0.5,3.0,2.5,0.1,0.25,0.375,0.25,1.25,4.5,7.0,8.75,4.75,7.25,3.5,7.5,1.25,0.75,2.0,6.5,1.25,4.0,0.5,4.0,8.0
2009-10-31,0.125,1.0,0.5,3.25,2.5,0.1,0.25,0.375,0.25,1.5,4.5,7.0,8.75,4.75,6.75,3.5,7.0,1.25,0.75,2.0,6.5,1.25,4.0,0.5,4.0,8.0
2009-11-30,0.125,1.0,0.5,3.5,2.5,0.1,0.25,0.375,0.25,1.5,4.5,7.0,8.75,4.75,6.5,3.5,6.5,1.25,1.0,2.0,6.5,1.25,4.0,0.5,3.5,8.0
2009-12-31,0.125,1.0,0.5,3.75,2.5,0.1,0.25,0.375,0.25,1.75,4.5,7.0,8.75,4.75,6.5,3.5,6.25,1.0,1.25,2.0,6.5,1.25,4.0,0.5,3.5,8.0
2010-01-31,0.125,1.0,0.5,3.75,2.5,0.1,0.25,0.375,0.25,1.75,4.5,7.0,8.75,4.75,6.5,3.5,6.0,1.0,1.25,2.0,6.5,1.25,4.0,0.5,3.5,7.5
2010-02-28,0.125,1.0,0.5,3.75,2.5,0.1,0.25,0.375,0.25,1.75,4.5,7.0,8.75,4.75,6.5,3.5,5.75,1.0,1.25,2.0,6.5,1.25,4.0,0.5,3.5,7.0
2010-03-31,0.125,1.0,0.5,4.0,2.5,0.1,0.25,0.375,0.25,1.75,4.5,6.5,8.75,5.0,6.5,3.5,5.5,1.0,1.25,2.0,6.5,1.25,4.0,0.5,3.5,6.5
2010-04-30,0.125,1.0,0.5,4.25,2.5,0.1,0.25,0.375,0.25,1.75,4.5,6.5,9.5,5.25,6.5,3.5,5.25,1.0,1.5,2.0,6.5,1.25,4.0,0.5,3.5,6.5
2010-05-31,0.125,1.0,0.5,4.5,2.5,0.1,0.25,0.375,0.25,2.0,4.5,6.5,9.5,5.25,7.0,3.5,5.25,0.75,1.5,2.0,6.5,1.25,4.0,0.5,3.0,6.25
2010-06-30,0.125,1.0,0.5,4.5,2.75,0.1,0.5,0.375,0.25,2.0,4.5,6.5,10.25,5.25,7.0,3.5,5.25,0.75,1.5,2.0,6.5,1.25,4.0,1.0,3.0,6.25
2010-07-31,0.125,1.0,0.5,4.5,3.0,0.1,0.75,0.375,0.5,2.0,4.5,6.5,10.75,5.75,7.0,3.5,5.25,0.75,1.75,2.25,6.5,1.5,4.0,1.5,3.0,6.25
2010-08-31,0.125,1.0,0.5,4.5,3.0,0.1,0.75,0.375,0.5,2.0,4.5,6.5,10.75,5.75,7.0,3.5,5.25,0.75,1.75,2.25,6.5,1.75,4.0,2.0,3.0,6.25
2010-09-30,0.125,1.0,0.5,4.5,3.0,0.1,1.0,0.375,0.75,2.0,4.5,6.0,10.75,6.0,7.0,3.5,5.25,0.75,2.0,2.25,6.5,1.75,4.0,2.5,3.0,6.25
2010-10-31,0.125,1.0,0.5,4.5,3.0,0.05,1.0,0.375,1.0,2.0,4.5,6.0,10.75,6.0,7.0,3.5,5.25,0.75,2.0,2.25,6.5,1.75,4.0,2.75,3.0,6.25
2010-11-30,0.125,1.0,0.5,4.75,3.0,0.05,1.0,0.375,1.0,2.0,4.5,5.5,10.75,6.25,7.0,3.5,5.5,0.75,2.0,2.5,6.5,1.75,4.0,3.0,3.0,6.25
2010-12-31,0.125,1.0,0.5,4.75,3.0,0.05,1.0,0.375,1.25,2.0,4.5,5.5,10.75,6.25,6.5,3.5,5.75,0.75,2.0,2.5,6.5,2.0,4.0,3.25,3.0,6.25
2011-01-31,0.125,1.0,0.5,4.75,3.0,0.05,1.0,0.375,1.25,2.0,4.5,5.5,11.25,6.5,6.25,3.75,6.0,0.75,2.25,2.75,6.5,2.25,4.0,3.25,3.0,6.25
2011-02-28,0.125,1.0,0.5,4.75,3.0,0.05,1.0,0.375,1.5,2.0,4.5,5.5,11.25,6.5,6.25,3.75,6.0,0.75,2.5,2.75,6.75,2.25,4.0,3.5,3.25,6.25
2011-03-31,0.125,1.0,0.5,4.75,2.5,0.05,1.0,0.375,1.5,2.0,4.5,5.5,11.75,6.75,6.25,3.75,6.0,0.75,3.0,3.0,6.75,2.5,4.25,4.0,3.5,6.25
2011-04-30,0.125,1.25,0.5,4.75,2.5,0.05,1.0,0.375,1.75,2.0,4.5,5.5,12.0,6.75,6.25,4.0,6.0,0.75,3.0,3.0,6.75,2.75,4.25,4.5,3.5,6.25
2011-05-31,0.125,1.25,0.5,4.75,2.5,0.05,1.0,0.375,1.75,2.25,4.5,5.5,12.0,7.25,6.25,4.25,6.0,0.75,3.25,3.0,6.75,2.75,4.5,5.0,4.0,6.25
2011-06-30,0.125,1.25,0.5,4.75,2.5,0.05,1.0,0.375,1.75,2.25,4.5,5.5,12.25,7.5,6.25,4.5,6.0,0.75,3.25,3.25,6.75,3.0,4.5,5.25,4.25,6.25
2011-07-31,0.125,1.5,0.5,4.75,2.5,0.05,1.0,0.375,2.0,2.25,4.5,5.5,12.5,8.0,6.25,4.5,6.0,0.75,3.25,3.25,6.75,3.25,4.5,5.25,4.25,6.25
2011-08-31,0.125,1.5,0.5,4.75,2.5,0.05,1.0,0.125,2.0,2.25,4.5,5.5,12.5,8.0,5.75,4.5,6.0,0.75,3.25,3.25,6.75,3.5,4.5,5.25,4.5,6.25
2011-09-30,0.125,1.5,0.5,4.75,2.5,0.05,1.0,0.125,2.0,2.25,4.5,5.5,12.0,8.25,5.75,4.5,6.0,0.75,3.25,3.25,6.75,3.5,4.5,5.25,4.5,6.25
2011-10-31,0.125,1.5,0.5,4.75,2.5,0.05,1.0,0.125,2.0,2.25,4.5,5.5,11.5,8.5,5.75,4.5,6.0,0.75,3.0,3.25,6.5,3.5,4.5,5.25,4.5,6.25
2011-11-30,0.125,1.25,0.5,4.5,2.5,0.05,1.0,0.125,2.0,2.25,4.5,5.5,11.5,8.5,5.75,4.5,6.5,0.75,3.0,3.25,6.0,3.25,4.5,5.25,4.75,6.0
2011-12-31,0.125,1.0,0.5,4.25,2.5,0.05,1.0,0.125,1.75,1.75,4.5,5.5,11.0,8.5,5.75,4.5,7.0,0.75,2.75,3.25,6.0,3.25,4.5,5.25,4.75,6.0
2012-01-31,0.125,1.0,0.5,4.25,2.5,0.05,1.0,0.125,1.75,1.75,4.5,5.5,10.5,8.5,5.75,4.5,7.0,0.75,2.5,3.25,6.0,3.0,4.25,5.0,5.0,5.75
2012-02-29,0.125,1.0,0.5,4.25,2.5,0.05,1.0,0.125,1.5,1.75,4.5,5.5,10.5,8.5,5.75,4.5,7.0,0.75,2.5,3.25,5.75,3.0,4.25,5.0,5.25,5.5
2012-03-31,0.125,1.0,0.5,4.25,2.5,0.05,1.0,0.125,1.5,1.5,4.5,5.5,9.75,8.5,5.75,4.5,7.0,0.75,2.5,3.25,5.75,3.0,4.0,5.0,5.25,5.25
2012-04-30,0.125,1.0,0.5,4.25,2.5,0.05,1.0,0.125,1.5,1.5,4.5,5.5,9.0,8.0,5.75,4.5,7.0,0.75,2.5,3.25,5.75,3.0,4.0,5.0,5.25,5.25
2012-05-31,0.125,1.0,0.5,3.75,2.5,0.05,1.0,0.125,1.5,1.5,4.5,5.5,8.5,8.0,5.75,4.75,7.0,0.75,2.5,3.25,5.75,3.0,4.0,5.0,5.25,5.25
2012-06-30,0.125,1.0,0.5,3.5,2.5,0.05,1.0,0.125,1.5,1.5,4.5,5.5,8.5,8.0,5.75,4.75,7.0,0.5,2.25,3.25,5.75,3.0,4.0,5.0,5.25,5.25
2012-07-31,0.125,0.75,0.5,3.5,2.5,0.05,1.0,0.125,1.5,1.5,4.5,5.0,8.0,8.0,5.75,4.75,7.0,0.5,2.25,3.0,5.75,3.0,3.75,5.0,5.0,5.25
2012-08-31,0.125,0.75,0.5,3.5,2.5,0.05,1.0,0.125,1.5,1.5,4.5,5.0,7.5,8.0,5.75,4.75,6.75,0.5,2.25,3.0,5.75,3.0,3.75,5.0,4.75,5.25
2012-09-30,0.125,0.75,0.5,3.5,2.5,0.05,1.0,0.125,1.25,1.5,4.5,5.0,7.5,8.0,5.75,4.75,6.5,0.5,2.25,3.0,5.75,3.0,3.75,5.0,4.75,5.25
2012-10-31,0.125,0.75,0.5,3.25,2.5,0.05,1.0,0.125,1.25,1.5,4.5,5.0,7.25,8.0,5.75,4.75,6.25,0.25,2.25,2.75,5.75,2.75,3.5,5.0,4.75,5.25
2012-11-30,0.125,0.75,0.5,3.25,2.5,0.05,1.0,0.125,1.25,1.5,4.5,5.0,7.25,8.0,5.75,4.5,6.0,0.05,2.0,2.75,5.75,2.75,3.5,5.0,4.5,5.25
2012-12-31,0.125,0.75,0.5,3.0,2.5,0.05,1.0,0.125,1.0,1.5,4.5,5.0,7.25,8.0,5.5,4.25,5.75,0.05,1.75,2.75,5.75,2.75,3.5,5.0,4.25,5.25
2013-01-31,0.125,0.75,0.5,3.0,2.5,0.05,1.0,0.125,1.0,1.5,4.5,5.0,7.25,7.75,5.5,4.0,5.5,0.05,1.75,2.75,5.75,2.75,3.5,5.0,4.0,5.25
2013-02-28,0.125,0.75,0.5,3.0,2.5,0.05,1.0,0.125,1.0,1.5,4.5,5.0,7.25,7.75,5.5,3.75,5.25,0.05,1.75,2.75,5.75,2.75,3.5,5.0,3.75,5.25
2013-03-31,0.125,0.75,0.5,3.0,2.5,0.05,1.0,0.125,1.0,1.5,4.0,5.0,7.25,7.5,5.5,3.25,5.0,0.05,1.75,2.75,5.75,2.75,3.5,5.0,3.25,5.25
2013-04-30,0.125,0.75,0.5,3.0,2.5,0.05,1.0,0.125,1.0,1.5,4.0,5.0,7.5,7.5,5.0,3.25,4.75,0.05,1.75,2.75,5.75,2.75,3.5,5.0,3.25,5.25
2013-05-31,0.125,0.5,0.5,2.75,2.5,0.05,1.0,0.125,1.0,1.5,4.0,5.0,8.0,7.25,4.5,3.0,4.5,0.05,1.25,2.5,5.75,2.5,3.5,5.0,3.25,5.25
2013-06-30,0.125,0.5,0.5,2.75,2.5,0.05,1.0,0.125,1.0,1.5,4.0,5.0,8.0,7.25,4.5,2.75,4.25,0.05,1.25,2.5,6.0,2.5,3.5,5.0,3.25,5.25
2013-07-31,0.125,0.5,0.5,2.75,2.5,0.05,1.0,0.125,1.0,1.5,4.0,5.0,8.5,7.25,4.5,2.5,4.0,0.05,1.25,2.5,6.5,2.5,3.5,5.0,3.25,5.0
2013-08-31,0.125,0.5,0.5,2.5,2.5,0.05,1.0,0.125,1.0,1.5,4.0,5.0,9.0,7.25,4.5,2.5,3.8,0.05,1.25,2.5,7.0,2.5,3.5,5.0,3.25,4.5
2013-09-30,0.125,0.5,0.5,2.5,2.5,0.05,1.0,0.125,1.0,1.5,3.75,5.0,9.0,7.5,4.5,2.5,3.6,0.05,1.0,2.5,7.25,2.5,3.5,5.0,3.25,4.5
2013-10-31,0.125,0.5,0.5,2.5,2.5,0.05,1.0,0.125,1.0,1.5,3.5,5.0,9.5,7.75,4.5,2.5,3.4,0.05,1.0,2.5,7.25,2.5,3.5,4.75,3.25,4.25
2013-11-30,0.125,0.25,0.5,2.5,2.5,0.05,1.0,0.125,1.0,1.5,3.5,5.0,10.0,7.75,4.5,2.5,3.2,0.05,1.0,2.5,7.5,2.25,3.5,4.5,3.25,4.0
2013-12-31,0.125,0.25,0.5,2.5,2.5,0.05,1.0,0.125,0.75,1.5,3.5,5.0,10.0,7.75,4.5,2.5,3.0,0.05,1.0,2.5,7.5,2.25,3.5,4.5,3.25,4.0
2014-01-31,0.125,0.25,0.5,2.5,2.5,0.05,1.0,0.125,0.75,1.5,3.5,5.5,10.5,8.0,10.0,2.5,2.85,0.05,1.0,2.5,7.5,2.25,3.5,4.5,3.25,3.75
2014-02-28,0.125,0.25,0.5,2.5,2.5,0.05,1.0,0.125,0.75,1.5,3.5,5.5,10.75,8.0,10.0,2.5,2.7,0.05,0.75,2.5,7.5,2.25,3.5,4.25,3.25,3.5
2014-03-31,0.125,0.25,0.5,2.5,2.75,0.05,1.0,0.125,0.75,1.5,3.5,5.5,10.75,8.0,10.0,2.5,2.6,0.05,0.75,2.5,7.5,2.0,3.5,4.0,3.25,3.5
2014-04-30,0.125,0.25,0.5,2.5,3.0,0.05,1.0,0.125,0.75,1.5,3.5,5.5,11.0,8.0,10.0,2.5,2.5,0.05,0.75,2.5,7.5,2.0,3.5,4.0,3.5,3.5
2014-05-31,0.125,0.25,0.5,2.5,3.0,0.05,1.0,0.125,0.75,1.5,3.5,5.5,11.0,8.0,9.5,2.5,2.4,0.05,0.75,2.5,7.5,2.0,3.5,4.0,3.5,3.5
2014-06-30,0.125,0.15,0.5,2.5,3.25,0.05,1.0,0.125,0.75,1.5,3.0,5.5,11.0,8.0,8.75,2.5,2.3,0.05,0.75,2.5,7.5,2.0,3.5,4.0,4.0,3.5
2014-07-31,0.125,0.15,0.5,2.5,3.5,0.05,1.0,0.125,0.25,1.5,3.0,5.75,11.0,8.0,8.25,2.5,2.1,0.05,0.5,2.5,7.5,2.0,3.75,3.75,4.0,3.5
2014-08-31,0.125,0.15,0.5,2.5,3.5,0.05,1.0,0.125,0.25,1.5,3.0,5.75,11.0,8.0,8.25,2.5,2.1,0.05,0.25,2.25,7.5,2.0,3.75,3.5,4.25,3.25
2014-09-30,0.125,0.05,0.5,2.5,3.5,0.05,1.0,0.125,0.25,1.5,3.0,5.75,11.0,8.0,8.25,2.5,2.1,0.05,0.25,2.25,7.5,2.0,4.0,3.25,4.5,3.25
2014-10-31,0.125,0.05,0.5,2.5,3.5,0.05,1.0,0.125,0.0,1.5,3.0,5.75,11.25,8.0,8.25,2.0,2.1,0.05,0.25,2.0,7.5,2.0,4.0,3.0,4.5,3.0
2014-11-30,0.125,0.05,0.5,2.5,3.5,0.05,1.0,0.125,0.0,1.5,3.0,5.75,11.25,8.0,8.25,2.0,2.1,0.05,0.25,2.0,7.5,2.0,4.0,3.0,4.5,2.75
2014-12-31,0.125,0.05,0.5,2.5,3.5,0.05,1.0,-0.25,0.0,1.25,3.0,5.75,11.75,8.0,8.25,2.0,2.1,0.05,0.25,2.0,7.75,2.0,4.0,3.0,4.5,2.75
2015-01-31,0.125,0.05,0.5,2.5,3.5,0.05,0.75,-0.75,0.0,1.25,3.0,5.75,12.25,7.75,7.75,2.0,2.1,0.05,0.25,2.0,7.75,2.0,4.0,3.0,4.5,2.5
2015-02-28,0.125,0.05,0.5,2.25,3.5,0.05,0.75,-0.75,-0.1,1.25,3.0,5.75,12.25,7.75,7.5,2.0,2.1,0.05,0.1,2.0,7.5,2.0,4.0,3.0,4.5,2.25
2015-03-31,0.125,0.05,0.5,2.25,3.5,0.05,0.75,-0.75,-0.25,1.25,3.0,5.75,12.75,7.5,7.5,1.5,1.95,0.05,0.1,1.75,7.5,1.75,4.0,3.0,4.5,2.25
2015-04-30,0.125,0.05,0.5,2.25,3.5,0.05,0.75,-0.75,-0.25,1.25,3.0,5.75,13.25,7.5,7.5,1.5,1.8,0.05,0.1,1.75,7.5,1.5,4.0,3.0,4.5,2.0
2015-05-31,0.125,0.05,0.5,2.0,3.5,0.05,0.75,-0.75,-0.25,1.25,3.0,5.75,13.25,7.5,7.5,1.5,1.65,0.05,0.1,1.75,7.5,1.5,4.0,3.0,4.5,1.75
2015-06-30,0.125,0.05,0.5,2.0,3.25,0.05,0.75,-0.75,-0.25,1.0,3.0,5.75,13.75,7.25,7.5,1.5,1.5,0.05,0.1,1.5,7.5,1.5,4.0,3.0,4.5,1.75
2015-07-31,0.125,0.05,0.5,2.0,3.0,0.05,0.5,-0.75,-0.35,1.0,3.0,6.0,14.25,7.25,7.5,1.5,1.35,0.05,0.1,1.5,7.5,1.5,4.0,3.0,4.5,1.75
2015-08-31,0.125,0.05,0.5,2.0,3.0,0.05,0.5,-0.75,-0.35,1.0,3.0,6.0,14.25,7.25,7.5,1.5,1.35,0.05,0.1,1.5,7.5,1.5,4.0,3.0,4.5,1.75
2015-09-30,0.125,0.05,0.5,2.0,2.75,0.05,0.5,-0.75,-0.35,0.75,3.0,6.0,14.25,6.75,7.5,1.5,1.35,0.05,0.1,1.5,7.5,1.5,4.0,3.0,4.75,1.75
2015-10-31,0.125,0.05,0.5,2.0,2.75,0.05,0.5,-0.75,-0.35,0.75,3.0,6.0,14.25,6.75,7.5,1.5,1.35,0.05,0.1,1.5,7.5,1.5,4.0,3.25,4.75,1.75
2015-11-30,0.125,0.05,0.5,2.0,2.75,0.05,0.5,-0.75,-0.35,0.75,3.0,6.25,14.25,6.75,7.5,1.5,1.35,0.05,0.1,1.5,7.5,1.5,4.0,3.25,5.5,1.75
2015-12-31,0.375,0.05,0.5,2.0,2.5,0.05,0.5,-0.75,-0.35,0.75,3.25,6.25,14.25,6.75,7.5,1.5,1.35,0.05,0.1,1.5,7.5,1.5,4.0,3.5,5.75,1.75
2016-01-31,0.375,0.05,0.5,2.0,2.5,0.05,0.5,-0.75,-0.35,0.75,3.25,6.75,14.25,6.75,7.5,1.5,1.35,0.05,0.1,1.5,7.25,1.5,4.0,3.5,5.75,1.75
2016-02-29,0.375,0.05,0.5,2.0,2.5,0.05,0.5,-0.75,-0.5,0.75,3.75,6.75,14.25,6.75,7.5,1.5,1.35,0.05,0.1,1.5,7.0,1.5,4.0,3.5,6.25,1.75
2016-03-31,0.375,0.0,0.5,2.0,2.25,0.05,0.5,-0.75,-0.5,0.5,3.75,7.0,14.25,6.75,7.5,1.5,1.2,0.05,0.1,1.5,6.75,1.5,4.0,3.5,6.5,1.75
2016-04-30,0.375,0.0,0.5,2.0,2.25,0.05,0.5,-0.75,-0.5,0.5,3.75,7.0,14.25,6.5,7.5,1.5,1.05,0.05,0.1,1.5,6.75,1.5,4.0,3.5,6.5,1.75
2016-05-31,0.375,0.0,0.5,1.75,2.25,0.05,0.5,-0.75,-0.5,0.5,3.75,7.0,14.25,6.5,7.5,1.5,0.9,0.05,0.1,1.5,6.75,1.5,4.0,3.5,7.25,1.75
2016-06-30,0.375,0.0,0.5,1.75,2.25,0.05,0.5,-0.75,-0.5,0.5,4.25,7.0,14.25,6.5,7.5,1.5,0.9,0.05,0.1,1.25,6.5,1.5,3.0,3.5,7.5,1.75
2016-07-31,0.375,0.0,0.5,1.75,2.25,0.05,0.5,-0.75,-0.5,0.5,4.25,7.0,14.25,6.5,7.5,1.5,0.9,0.05,0.1,1.25,6.5,1.5,3.0,3.5,7.5,1.75
2016-08-31,0.375,0.0,0.25,1.5,2.0,0.05,0.5,-0.75,-0.5,0.5,4.25,7.0,14.25,6.5,7.5,1.5,0.9,0.05,0.1,1.25,5.25,1.5,3.0,3.5,7.75,1.75
2016-09-30,0.375,0.0,0.25,1.5,2.0,-0.1,0.5,-0.75,-0.5,0.5,4.75,7.0,14.25,6.5,7.5,1.5,0.9,0.05,0.1,1.25,5.0,1.5,3.0,3.5,7.75,1.75
2016-10-31,0.375,0.0,0.25,1.5,2.0,-0.1,0.5,-0.75,-0.5,0.5,4.75,7.0,14.0,6.25,7.5,1.5,0.9,0.05,0.1,1.25,4.75,1.5,3.0,3.5,7.75,1.75
2016-11-30,0.375,0.0,0.25,1.5,1.75,-0.1,0.5,-0.75,-0.5,0.5,5.25,7.0,14.0,6.25,8.0,1.5,0.9,0.05,0.1,1.25,4.75,1.5,3.0,3.5,7.75,1.75
2016-12-31,0.625,0.0,0.25,1.5,1.75,-0.1,0.5,-0.75,-0.5,0.5,5.75,7.0,13.75,6.25,8.0,1.5,0.9,0.05,0.1,1.25,4.75,1.5,3.0,3.5,7.5,1.75
2017-01-31,0.625,0.0,0.25,1.5,1.75,-0.1,0.5,-0.75,-0.5,0.5,5.75,7.0,13.0,6.25,8.0,1.5,0.9,0.05,0.1,1.25,4.75,1.5,3.0,3.25,7.5,1.75
2017-02-28,0.625,0.0,0.25,1.5,1.75,-0.1,0.5,-0.75,-0.5,0.5,6.25,7.0,12.25,6.25,8.0,1.5,0.9,0.05,0.1,1.25,4.75,1.5,3.0,3.25,7.25,1.75
2017-03-31,0.875,0.0,0.25,1.5,1.75,-0.1,0.5,-0.75,-0.5,0.5,6.5,7.0,12.25,6.25,8.0,1.5,0.9,0.05,0.1,1.25,4.75,1.5,3.0,3.0,7.0,1.75
2017-04-30,0.875,0.0,0.25,1.5,1.75,-0.1,0.5,-0.75,-0.5,0.5,6.5,7.0,11.25,6.25,8.0,1.5,0.9,0.05,0.1,1.25,4.75,1.5,3.0,2.75,7.0,1.75
2017-05-31,0.875,0.0,0.25,1.5,1.75,-0.1,0.5,-0.75,-0.5,0.5,6.75,7.0,11.25,6.25,8.0,1.5,0.9,0.05,0.1,1.25,4.75,1.5,3.0,2.5,6.25,1.75
2017-06-30,1.125,0.0,0.25,1.5,1.75,-0.1,0.5,-0.75,-0.5,0.5,7.0,7.0,10.25,6.25,8.0,1.5,0.9,0.05,0.1,1.25,4.75,1.5,3.0,2.5,6.25,1.75
2017-07-31,1.125,0.0,0.25,1.5,1.75,-0.1,0.75,-0.75,-0.5,0.5,7.0,6.75,9.25,6.25,8.0,1.5,0.9,0.05,0.1,1.25,4.75,1.5,3.0,2.5,5.5,1.75
2017-08-31,1.125,0.0,0.25,1.5,1.75,-0.1,0.75,-0.75,-0.5,0.5,7.0,6.75,9.25,6.0,8.0,1.5,0.9,0.25,0.1,1.25,4.5,1.5,3.0,2.5,5.5,1.75
2017-09-30,1.125,0.0,0.25,1.5,1.75,-0.1,1.0,-0.75,-0.5,0.5,7.0,6.75,8.25,6.0,8.0,1.5,0.9,0.25,0.1,1.25,4.25,1.5,3.0,2.5,5.25,1.75
2017-10-31,1.125,0.0,0.25,1.5,1.75,-0.1,1.0,-0.75,-0.5,0.5,7.0,6.75,7.5,6.0,8.0,1.5,0.9,0.25,0.1,1.25,4.25,1.5,3.0,2.5,5.0,1.75
2017-11-30,1.125,0.0,0.5,1.5,1.75,-0.1,1.0,-0.75,-0.5,0.5,7.0,6.75,7.5,6.0,8.0,1.5,0.9,0.5,0.1,1.5,4.25,1.5,3.0,2.5,4.75,1.75
2017-12-31,1.375,0.0,0.5,1.5,1.75,-0.1,1.0,-0.75,-0.5,0.5,7.25,6.75,7.0,6.0,8.0,1.5,0.9,0.5,0.1,1.5,4.25,1.5,3.0,2.5,4.75,1.75
2018-01-31,1.375,0.0,0.5,1.5,1.75,-0.1,1.25,-0.75,-0.5,0.5,7.25,6.75,7.0,6.0,8.0,1.5,0.9,0.5,0.1,1.5,4.25,1.5,3.0,2.5,4.5,2.0
2018-02-28,1.375,0.0,0.5,1.5,1.75,-0.1,1.25,-0.75,-0.5,0.5,7.5,6.75,6.75,6.0,8.0,1.5,0.9,0.75,0.1,1.5,4.25,1.5,3.0,2.5,4.5,2.25
2018-03-31,1.625,0.0,0.5,1.5,1.75,-0.1,1.25,-0.75,-0.5,0.5,7.5,6.5,6.5,6.0,8.0,1.5,0.9,0.75,0.1,1.5,4.25,1.5,3.0,2.5,4.5,2.25
2018-04-30,1.625,0.0,0.5,1.5,1.75,-0.1,1.25,-0.75,-0.5,0.5,7.5,6.5,6.5,6.0,8.0,1.5,0.9,0.75,0.1,1.5,4.25,1.5,3.0,2.5,4.25,2.25
2018-05-31,1.625,0.0,0.5,1.5,1.75,-0.1,1.25,-0.75,-0.5,0.5,7.5,6.5,6.5,6.0,8.0,1.5,0.9,0.75,0.1,1.5,4.75,1.5,3.25,2.5,4.25,2.5
2018-06-30,1.875,0.0,0.5,1.5,1.75,-0.1,1.25,-0.75,-0.5,0.5,7.75,6.5,6.5,6.25,17.75,1.5,0.9,1.0,0.1,1.5,5.25,1.5,3.5,2.5,4.25,2.5
2018-07-31,1.875,0.0,0.5,1.5,1.75,-0.1,1.5,-0.75,-0.5,0.5,7.75,6.5,6.5,6.25,17.75,1.5,0.9,1.0,0.1,1.5,5.25,1.5,3.5,2.5,4.25,2.5
2018-08-31,1.875,0.0,0.75,1.5,1.75,-0.1,1.5,-0.75,-0.5,0.5,7.75,6.5,6.5,6.5,17.75,1.5,0.9,1.25,0.1,1.5,5.5,1.5,4.0,2.5,4.25,2.5
2018-09-30,2.125,0.0,0.75,1.5,1.75,-0.1,1.5,-0.75,-0.5,0.75,7.75,6.5,6.5,6.5,24.0,1.5,0.9,1.5,0.1,1.5,5.75,1.5,4.5,2.5,4.25,2.5
2018-10-31,2.125,0.0,0.75,1.5,1.75,-0.1,1.75,-0.75,-0.5,0.75,7.75,6.5,6.5,6.5,24.0,1.5,0.9,1.5,0.1,1.5,5.75,1.5,4.5,2.75,4.25,2.5
2018-11-30,2.125,0.0,0.75,1.5,1.75,-0.1,1.75,-0.75,-0.5,0.75,8.0,6.75,6.5,6.5,24.0,1.5,0.9,1.75,0.25,1.75,6.0,1.5,4.75,2.75,4.25,2.5
2018-12-31,2.375,0.0,0.75,1.5,1.75,-0.1,1.75,-0.75,-0.5,0.75,8.25,6.75,6.5,6.5,24.0,1.5,0.9,1.75,0.25,1.75,6.0,1.75,4.75,2.75,4.25,2.5
2019-01-31,2.375,0.0,0.75,1.5,1.75,-0.1,1.75,-0.75,-0.25,0.75,8.25,6.75,6.5,6.5,24.0,1.5,0.9,1.75,0.25,1.75,6.0,1.75,4.75,3.0,4.25,2.5
2019-02-28,2.375,0.0,0.75,1.5,1.75,-0.1,1.75,-0.75,-0.25,0.75,8.25,6.75,6.5,6.25,24.0,1.5,0.9,1.75,0.25,1.75,6.0,1.75,4.75,3.0,4.25,2.5
2019-03-31,2.375,0.0,0.75,1.5,1.75,-0.1,1.75,-0.75,-0.25,1.0,8.25,6.75,6.5,6.25,24.0,1.5,0.9,1.75,0.25,1.75,6.0,1.75,4.75,3.0,4.25,2.5
2019-04-30,2.375,0.0,0.75,1.5,1.75,-0.1,1.75,-0.75,-0.25,1.0,8.25,6.75,6.5,6.0,24.0,1.5,0.9,1.75,0.25,1.75,6.0,1.75,4.75,3.0,4.25,2.5
2019-05-31,2.375,0.0,0.75,1.5,1.5,-0.1,1.75,-0.75,-0.25,1.0,8.25,6.75,6.5,6.0,24.0,1.5,0.9,2.0,0.25,1.75,6.0,1.75,4.5,3.0,4.25,2.5
2019-06-30,2.375,0.0,0.75,1.25,1.5,-0.1,1.75,-0.75,-0.25,1.25,8.25,6.75,6.5,5.75,24.0,1.5,0.9,2.0,0.25,1.75,6.0,1.75,4.5,2.5,4.25,2.5
2019-07-31,2.375,0.0,0.75,1.0,1.5,-0.1,1.75,-0.75,-0.25,1.25,8.25,6.5,6.5,5.75,19.75,1.5,0.9,2.0,0.25,1.5,5.75,1.75,4.5,2.5,4.25,2.5
2019-08-31,2.125,0.0,0.75,1.0,1.0,-0.1,1.75,-0.75,-0.25,1.25,8.0,6.5,6.0,5.4,19.75,1.5,0.9,2.0,0.25,1.5,5.5,1.5,4.25,2.5,4.25,2.5
2019-09-30,1.875,0.0,0.75,1.0,1.0,-0.1,1.75,-0.75,-0.25,1.5,7.75,6.5,5.5,5.4,16.5,1.5,0.9,2.0,0.25,1.5,5.25,1.5,4.0,2.0,4.25,2.5
2019-10-31,1.625,0.0,0.75,0.75,1.0,-0.1,1.75,-0.75,-0.25,1.5,7.75,6.5,5.0,5.15,14.0,1.5,0.9,2.0,0.25,1.25,5.0,1.5,4.0,1.75,4.25,2.5
2019-11-30,1.625,0.0,0.75,0.75,1.0,-0.1,1.75,-0.75,-0.25,1.5,7.5,6.5,5.0,5.15,14.0,1.5,0.9,2.0,0.25,1.25,5.0,1.25,4.0,1.75,4.25,2.5
2019-12-31,1.625,0.0,0.75,0.75,1.0,-0.1,1.75,-0.75,-0.25,1.5,7.25,6.5,4.5,5.15,12.0,1.5,0.9,2.0,0.25,1.25,5.0,1.25,4.0,1.75,4.25,2.5
2020-01-31,1.625,0.0,0.75,0.75,1.0,-0.1,1.75,-0.75,0.0,1.5,7.25,6.25,4.5,5.15,11.25,1.5,0.9,2.0,0.25,1.25,5.0,1.25,4.0,1.75,4.25,2.5
2020-02-29,1.625,0.0,0.75,0.75,1.0,-0.1,1.75,-0.75,0.0,1.5,7.0,6.25,4.25,5.15,10.75,1.5,0.9,2.25,0.25,1.25,4.75,1.0,3.75,1.75,4.25,2.5
2020-03-31,0.125,0.0,0.1,0.25,0.25,-0.1,0.25,-0.75,0.0,0.25,6.5,5.25,3.75,4.4,9.75,1.0,0.9,1.0,0.25,0.75,4.5,0.75,3.25,1.0,3.75,2.0
2020-04-30,0.125,0.0,0.1,0.25,0.25,-0.1,0.25,-0.75,0.0,0.25,6.0,4.25,3.75,4.4,8.75,0.5,0.9,1.0,0.1,0.75,4.5,0.75,2.75,0.5,3.75,2.0
2020-05-31,0.125,0.0,0.1,0.25,0.25,-0.1,0.25,-0.75,0.0,0.0,5.5,3.75,3.0,4.0,8.25,0.1,0.9,0.25,0.1,0.5,4.5,0.5,2.75,0.5,3.25,2.0
2020-06-30,0.125,0.0,0.1,0.25,0.25,-0.1,0.25,-0.75,0.0,0.0,5.0,3.75,2.25,4.0,8.25,0.1,0.75,0.25,0.1,0.5,4.25,0.5,2.25,0.5,2.75,1.75
2020-07-31,0.125,0.0,0.1,0.25,0.25,-0.1,0.25,-0.75,0.0,0.0,5.0,3.5,2.25,4.0,8.25,0.1,0.6,0.25,0.1,0.5,4.0,0.5,2.25,0.5,2.5,1.75
2020-08-31,0.125,0.0,0.1,0.25,0.25,-0.1,0.25,-0.75,0.0,0.0,4.5,3.5,2.0,4.0,8.25,0.1,0.6,0.25,0.1,0.5,4.0,0.5,2.25,0.5,2.25,1.5
2020-09-30,0.125,0.0,0.1,0.25,0.25,-0.1,0.25,-0.75,0.0,0.0,4.25,3.5,2.0,4.0,10.25,0.1,0.6,0.25,0.1,0.5,4.0,0.5,2.25,0.5,1.75,1.5
2020-10-31,0.125,0.0,0.1,0.25,0.25,-0.1,0.25,-0.75,0.0,0.0,4.25,3.5,2.0,4.0,10.25,0.1,0.6,0.25,0.1,0.5,4.0,0.5,2.25,0.5,1.75,1.5
2020-11-30,0.125,0.0,0.1,0.1,0.25,-0.1,0.25,-0.75,0.0,0.0,4.25,3.5,2.0,4.0,15.0,0.1,0.6,0.25,0.1,0.5,3.75,0.5,2.0,0.5,1.75,1.5
2020-12-31,0.125,0.0,0.1,0.1,0.25,-0.1,0.25,-0.75,0.0,0.0,4.25,3.5,2.0,4.0,17.0,0.1,0.6,0.25,0.1,0.5,3.75,0.5,2.0,0.5,1.75,1.5
2021-01-31,0.125,0.0,0.1,0.1,0.25,-0.1,0.25,-0.75,0.0,0.0,4.25,3.5,2.0,4.0,17.0,0.1,0.6,0.25,0.1,0.5,3.75,0.5,2.0,0.5,1.75,1.25
2021-02-28,0.125,0.0,0.1,0.1,0.25,-0.1,0.25,-0.75,0.0,0.0,4.0,3.5,2.0,4.0,17.0,0.1,0.6,0.25,0.1,0.5,3.5,0.5,2.0,0.5,1.75,1.25
2021-03-31,0.125,0.0,0.1,0.1,0.25,-0.1,0.25,-0.75,0.0,0.0,4.0,3.5,2.75,4.0,19.0,0.1,0.6,0.25,0.1,0.5,3.5,0.5,2.0,0.5,1.75,1.25
2021-04-30,0.125,0.0,0.1,0.1,0.25,-0.1,0.25,-0.75,0.0,0.0,4.0,3.5,2.75,4.0,19.0,0.1,0.6,0.25,0.1,0.5,3.5,0.5,2.0,0.5,1.75,1.25
2021-05-31,0.125,0.0,0.1,0.1,0.25,-0.1,0.25,-0.75,0.0,0.0,4.0,3.5,3.5,4.0,19.0,0.1,0.6,0.25,0.1,0.5,3.5,0.5,2.0,0.5,1.75,1.25
2021-06-30,0.125,0.0,0.1,0.1,0.25,-0.1,0.25,-0.75,0.0,0.0,4.25,3.5,4.25,4.0,19.0,0.1,0.9,0.5,0.1,0.5,3.5,0.5,2.0,0.5,1.75,1.25
2021-07-31,0.125,0.0,0.1,0.1,0.25,-0.1,0.25,-0.75,0.0,0.0,4.25,3.5,4.25,4.0,19.0,0.1,1.2,0.5,0.1,0.5,3.5,0.5,2.0,0.75,1.75,1.25
2021-08-31,0.125,0.0,0.1,0.1,0.25,-0.1,0.25,-0.75,0.0,0.0,4.5,3.5,5.25,4.0,19.0,0.1,1.5,0.75,0.1,0.75,3.5,0.5,2.0,0.75,1.75,1.25
2021-09-30,0.125,0.0,0.1,0.1,0.25,-0.1,0.25,-0.75,0.0,0.25,4.5,3.5,6.25,4.0,18.0,0.1,1.65,0.75,0.1,0.75,3.5,0.5,2.0,1.5,1.75,1.25
2021-10-31,0.125,0.0,0.1,0.1,0.5,-0.1,0.25,-0.75,0.0,0.25,4.75,3.5,7.75,4.0,16.0,0.5,1.8,1.5,0.1,0.75,3.5,0.5,2.0,2.75,2.0,1.5
2021-11-30,0.125,0.0,0.1,0.1,0.75,-0.1,0.25,-0.75,0.0,0.25,5.0,3.75,7.75,4.0,15.0,1.25,2.1,2.75,0.1,1.0,3.5,0.5,2.0,2.75,2.5,1.75
2021-12-31,0.125,0.0,0.25,0.1,0.75,-0.1,0.25,-0.75,0.0,0.5,5.5,3.75,9.25,4.0,14.0,1.75,2.4,3.75,0.1,1.0,3.5,0.5,2.0,4.0,3.0,1.75
2022-01-31,0.125,0.0,0.25,0.1,0.75,-0.1,0.25,-0.75,0.0,0.5,5.5,4.0,9.25,4.0,14.0,2.25,2.9,3.75,0.1,1.25,3.5,0.5,2.0,5.5,4.0,2.0
2022-02-28,0.125,0.0,0.5,0.1,1.0,-0.1,0.25,-0.75,0.0,0.5,6.0,4.0,10.75,4.0,14.0,2.75,3.4,4.5,0.1,1.25,3.5,0.5,2.0,5.5,4.0,2.5
2022-03-31,0.375,0.0,0.75,0.1,1.0,-0.1,0.5,-0.75,0.0,0.75,6.5,4.25,11.75,4.0,14.0,3.5,4.4,4.5,0.1,1.25,3.5,0.5,2.0,7.0,4.0,2.5
2022-04-30,0.375,0.0,0.75,0.1,1.5,-0.1,1.0,-0.75,0.0,0.75,6.5,4.25,11.75,4.0,14.0,4.5,5.4,5.0,0.35,1.5,3.5,0.5,2.0,7.0,5.0,3.0
2022-05-31,0.875,0.0,1.0,0.35,2.0,-0.1,1.0,-0.75,0.25,0.75,7.0,4.75,12.75,4.4,14.0,5.25,5.4,5.75,0.75,1.75,3.5,0.5,2.25,8.25,6.0,3.75
2022-06-30,1.625,0.0,1.25,0.85,2.0,-0.1,1.5,-0.25,0.25,1.25,7.75,4.75,13.25,4.9,14.0,6.0,7.75,7.0,0.75,1.75,3.5,0.5,2.5,9.0,6.0,3.75
2022-07-31,2.375,0.5,1.25,1.35,2.5,-0.1,2.5,-0.25,0.75,1.25,7.75,5.5,13.25,4.9,14.0,6.5,10.75,7.0,1.25,2.25,3.5,0.5,3.25,9.75,7.5,4.75
2022-08-31,2.375,0.5,1.75,1.85,3.0,-0.1,2.5,-0.25,0.75,1.75,8.5,5.5,13.75,5.4,13.0,6.5,11.75,7.0,2.0,2.5,3.75,0.75,3.75,9.75,9.0,5.5
2022-09-30,3.125,1.25,2.25,2.35,3.0,-0.1,3.25,0.5,1.75,2.25,9.25,6.25,13.75,5.9,12.0,6.75,13.0,7.0,2.0,2.5,4.25,1.0,4.25,10.75,10.0,5.5
2022-10-31,3.125,1.25,2.25,2.6,3.5,-0.1,3.75,0.5,1.75,2.25,9.25,6.25,13.75,5.9,10.5,6.75,13.0,7.0,2.75,3.0,4.75,1.0,4.25,11.25,11.0,6.25
2022-11-30,3.875,2.0,3.0,2.85,4.25,-0.1,3.75,0.5,2.5,2.5,10.0,7.0,13.75,5.9,9.0,6.75,13.0,7.0,3.25,3.25,5.25,1.25,5.0,11.25,11.0,6.75
2022-12-31,4.375,2.5,3.5,3.1,4.25,-0.1,4.25,1.0,2.5,2.75,10.5,7.0,13.75,6.25,9.0,6.75,13.0,7.0,3.25,3.25,5.5,1.25,5.5,11.25,12.0,6.75
2023-01-31,4.375,2.5,3.5,3.1,4.25,-0.1,4.5,1.0,2.5,2.75,10.5,7.25,13.75,6.25,9.0,6.75,13.0,7.0,3.75,3.5,5.75,1.5,5.5,11.25,12.75,7.0
2023-02-28,4.625,3.0,4.0,3.35,4.75,-0.1,4.5,1.0,3.0,2.75,11.0,7.25,13.75,6.5,8.5,6.75,13.0,7.0,4.25,3.5,5.75,1.5,6.0,11.25,12.75,7.0
2023-03-31,4.875,3.5,4.25,3.6,4.75,-0.1,4.5,1.5,3.0,3.0,11.25,7.75,13.75,6.5,8.5,6.75,13.0,7.0,4.25,3.5,5.75,1.75,6.25,11.25,13.0,7.0
2023-04-30,4.875,3.5,4.25,3.6,5.25,-0.1,4.5,1.5,3.0,3.0,11.25,7.75,13.75,6.5,8.5,6.75,13.0,7.0,4.5,3.5,5.75,1.75,6.25,11.25,13.0,7.0
2023-05-31,5.125,3.75,4.5,3.85,5.5,-0.1,4.5,1.5,3.5,3.25,11.25,8.25,13.75,6.5,8.5,6.75,13.0,7.0,4.75,3.5,5.75,2.0,6.25,11.25,13.25,7.0
2023-06-30,5.125,4.0,5.0,4.1,5.5,-0.1,4.75,1.75,3.5,3.75,11.25,8.25,13.75,6.5,15.0,6.75,13.0,7.0,4.75,3.5,5.75,2.0,6.25,11.25,13.25,7.0
2023-07-31,5.375,4.0,5.0,4.1,5.5,-0.1,5.0,1.75,3.75,3.75,11.25,8.25,13.75,6.5,17.5,6.75,13.0,7.0,4.75,3.5,5.75,2.0,6.25,10.25,13.25,7.0
2023-08-31,5.375,4.25,5.25,4.1,5.5,-0.1,5.0,1.75,3.75,4.0,11.25,8.25,13.25,6.5,25.0,6.75,13.0,7.0,4.75,3.5,5.75,2.25,6.25,10.25,13.25,7.0
2023-09-30,5.375,4.5,5.25,4.1,5.5,-0.1,5.0,1.75,4.0,4.25,11.25,8.25,12.75,6.5,30.0,6.0,13.0,7.0,4.75,3.5,5.75,2.5,6.25,9.5,13.25,7.0
2023-10-31,5.375,4.5,5.25,4.1,5.5,-0.1,5.0,1.75,4.0,4.25,11.25,8.25,12.75,6.5,35.0,5.75,12.25,7.0,4.75,3.5,6.0,2.5,6.5,9.0,13.25,7.0
2023-11-30,5.375,4.5,5.25,4.35,5.5,-0.1,5.0,1.75,4.0,4.25,11.25,8.25,12.25,6.5,40.0,5.75,11.5,7.0,4.75,3.5,6.0,2.5,6.5,9.0,13.25,7.0
2023-12-31,5.375,4.5,5.25,4.35,5.5,-0.1,5.0,1.75,4.0,4.5,11.25,8.25,11.75,6.5,42.5,5.75,10.75,6.75,4.75,3.5,6.0,2.5,6.5,8.25,13.0,7.0
2024-01-31,5.375,4.5,5.25,4.35,5.5,-0.1,5.0,1.75,4.0,4.5,11.25,8.25,11.75,6.5,45.0,5.75,10.0,6.75,4.5,3.5,6.0,2.5,6.5,8.25,13.0,7.0
2024-02-29,5.375,4.5,5.25,4.35,5.5,-0.1,5.0,1.75,4.0,4.5,11.25,8.25,11.25,6.5,45.0,5.75,9.0,6.25,4.5,3.5,6.0,2.5,6.5,7.25,12.75,7.0
2024-03-31,5.375,4.5,5.25,4.35,5.5,0.05,5.0,1.5,4.0,4.5,11.0,8.25,10.75,6.5,50.0,5.75,8.25,5.75,4.5,3.5,6.0,2.5,6.5,7.25,12.25,7.0
2024-04-30,5.375,4.5,5.25,4.35,5.5,0.05,5.0,1.5,4.0,4.5,11.0,8.25,10.75,6.5,50.0,5.75,7.75,5.75,4.5,3.5,6.25,2.5,6.5,6.5,12.25,7.0
2024-05-31,5.375,4.5,5.25,4.35,5.5,0.05,5.0,1.5,3.75,4.5,11.0,8.25,10.5,6.5,50.0,5.75,7.25,5.25,4.5,3.5,6.25,2.5,6.5,6.0,11.75,7.0
2024-06-30,5.375,4.25,5.25,4.35,5.5,0.05,4.75,1.25,3.75,4.5,11.0,8.25,10.5,6.5,50.0,5.75,7.0,4.75,4.5,3.5,6.25,2.5,6.5,5.75,11.75,7.0
2024-07-31,5.375,4.25,5.25,4.35,5.5,0.05,4.5,1.25,3.75,4.5,11.0,8.25,10.5,6.5,50.0,5.75,6.75,4.75,4.5,3.5,6.25,2.5,6.5,5.75,11.25,6.75
2024-08-31,5.375,4.25,5.0,4.35,5.25,0.25,4.5,1.25,3.5,4.5,10.75,8.25,10.5,6.5,50.0,5.75,6.75,4.5,4.5,3.5,6.25,2.5,6.25,5.75,10.75,6.5
2024-09-30,4.875,3.5,5.0,4.35,5.25,0.25,4.25,1.0,3.5,4.5,10.5,8.0,10.75,6.5,50.0,5.75,6.5,4.25,4.5,3.5,6.0,2.5,6.25,5.5,10.75,6.5
2024-10-31,4.875,3.25,5.0,4.35,4.75,0.25,3.75,1.0,3.25,4.5,10.5,8.0,10.75,6.5,50.0,5.75,6.5,4.25,4.5,3.25,6.0,2.25,6.0,5.25,10.25,6.5
2024-11-30,4.625,3.25,4.75,4.35,4.25,0.25,3.75,1.0,2.75,4.5,10.25,7.75,11.25,6.5,50.0,5.75,6.5,4.0,4.5,3.0,6.0,2.25,6.0,5.25,9.75,6.5
2024-12-31,4.375,3.0,4.75,4.35,4.25,0.25,3.25,0.5,2.75,4.5,10.0,7.75,12.25,6.5,47.5,5.75,6.5,4.0,4.5,3.0,6.0,2.25,5.75,5.0,9.5,6.5
2025-01-31,4.375,3.0,4.75,4.35,4.25,0.5,3.0,0.5,2.5,4.5,10.0,7.5,13.25,6.5,45.0,5.75,6.5,4.0,4.5,3.0,5.75,2.25,5.75,5.0,9.5,6.5
2025-02-28,4.375,2.75,4.5,4.1,3.75,0.5,3.0,0.5,2.25,4.5,9.5,7.5,13.25,6.25,45.0,5.75,6.5,3.75,4.5,2.75,5.75,2.0,5.75,5.0,9.5,6.5
2025-03-31,4.375,2.5,4.5,4.1,3.75,0.5,2.75,0.25,2.25,4.5,9.0,7.5,14.25,6.25,42.5,5.75,6.5,3.75,4.5,2.75,5.75,2.0,5.75,5.0,9.5,6.5
2025-04-30,4.375,2.25,4.5,4.1,3.5,0.5,2.75,0.25,2.25,4.5,9.0,7.5,14.25,6.0,46.0,5.75,6.5,3.75,4.5,2.75,5.75,1.75,5.5,5.0,9.5,6.5
2025-05-31,4.375,2.25,4.25,3.85,3.25,0.5,2.75,0.25,2.25,4.5,8.5,7.25,14.75,6.0,46.0,5.25,6.5,3.5,4.5,2.5,5.5,1.75,5.5,5.0,9.25,6.5
2025-06-30,4.375,2.0,4.25,,,0.5,2.75,0.0,2.0,4.25,8.0,7.25,15.0,5.5,46.0,5.25,6.5,3.5,4.5,2.5,5.5,1.75,5.25,5.0,9.25,6.5
