date,longs,shorts,blend_gross,blend_net,turnover,carry_only_net,bm_net
2005-02-28,"GBP,NOK,SEK","CHF,EUR,JPY",0.006587889013678622,0.006387889013678622,0.5,0.00601394629588326,0.013676994451466029
2005-03-31,"GBP,NOK,SEK","CHF,EUR,JPY",0.0016737081036724832,0.0016737081036724832,0.0,0.004559843920303907,-0.01687721111454328
2005-04-30,"CAD,GBP,SEK","CHF,EUR,JPY",-0.008098726913694032,-0.008165393580360699,0.16666666666666666,0.007408750978512811,0.0018013534708158085
2005-05-31,"CAD,GBP,NZD","CHF,EUR,JPY",0.007753720331875514,0.007687053665208847,0.16666666666666666,-0.0033592286672579907,-0.033322183296251556
2005-06-30,"CAD,GBP,NZD","CHF,EUR,SEK",0.01649404929381704,0.016427382627150374,0.16666666666666666,0.005919932271687247,-0.01669568622493932
2005-07-31,"CAD,GBP,NZD","CHF,JPY,SEK",-0.0005158781528051531,-0.0005825448194718198,0.16666666666666666,-0.0055763856174249355,-0.0026461445423939245
2005-08-31,"CAD,NOK,NZD","CHF,JPY,SEK",-0.002063209624808054,-0.002129876291474721,0.16666666666666666,0.0011535918339652153,0.020631725224772024
2005-09-30,"CAD,GBP,NOK","CHF,EUR,JPY",0.010113632873408423,0.00998029954007509,0.3333333333333333,0.009074282520130617,-0.016807641857660094
2005-10-31,"CAD,GBP,NOK","CHF,EUR,SEK",0.004162855327554693,0.004096188660888026,0.16666666666666666,0.013645005217224952,-0.006074269665843762
2005-11-30,"CAD,GBP,NZD","CHF,EUR,SEK",0.008914380914689305,0.008847714248022638,0.16666666666666666,0.007978113693678702,-0.013913079074715506
2005-12-31,"CAD,GBP,NZD","CHF,JPY,SEK",-0.008829282796310104,-0.00889594946297677,0.16666666666666666,-0.012212825372207253,-0.0003213842875121192
2006-01-31,"CAD,GBP,NZD","CHF,EUR,SEK",-0.005514370906726983,-0.005581037573393649,0.16666666666666666,-0.0015788493783112176,0.022643016959887075
2006-02-28,"CAD,GBP,NZD","CHF,JPY,SEK",0.002482678769255761,0.0024160121025890943,0.16666666666666666,-0.0014179535998324454,-0.01626012912452797
2006-03-31,"CAD,GBP,NOK","CHF,EUR,SEK",-0.005945200314416535,-0.006078533647749868,0.3333333333333333,-0.01910231428493491,-0.007891561066663541
2006-04-30,"CAD,GBP,NOK","CHF,NZD,SEK",0.002234349351774273,0.0021676826851076063,0.16666666666666666,-0.0011655831856236878,0.04898938650777651
2006-05-31,"CAD,GBP,NOK","CHF,JPY,NZD",0.0037300099865893257,0.003663343319922659,0.16666666666666666,0.0006210331945638789,0.013304351979370577
2006-06-30,"CAD,GBP,NOK","CHF,JPY,NZD",0.0029162964701347823,0.0029162964701347823,0.0,-0.006143855683246597,-0.01328214369395797
2006-07-31,"CAD,GBP,SEK","CHF,JPY,NZD",-0.0020384877384744563,-0.002105154405141123,0.16666666666666666,0.012570665317627107,0.005054492085281328
2006-08-31,"CAD,GBP,SEK","CHF,JPY,NZD",0.000535889315814584,0.000535889315814584,0.0,0.019506814831147877,0.00487341537706935
2006-09-30,"CAD,GBP,SEK","EUR,JPY,NOK",0.002351164149569135,0.0022178308162358017,0.3333333333333333,0.000571618058863718,-0.014862641211075648
2006-10-31,"EUR,GBP,SEK","JPY,NOK,NZD",0.0009674210736711365,0.0008340877403378031,0.3333333333333333,0.010538861568475725,0.013758941723200234
2006-11-30,"EUR,GBP,SEK","JPY,NOK,NZD",0.005739059519805913,0.005739059519805913,0.0,-0.004518475194344633,0.02822204856821289
2006-12-31,"CHF,GBP,SEK","CAD,JPY,NZD",-0.001661705770087458,-0.0017950391034207915,0.3333333333333333,0.014626792811342453,-0.00647949993243165
2007-01-31,"GBP,NOK,SEK","CAD,JPY,NZD",0.005259770240801084,0.005193103574134418,0.16666666666666666,0.003959507027564932,-0.01210214627347983
2007-02-28,"GBP,NOK,SEK","CAD,JPY,NZD",-0.00426626988166124,-0.00426626988166124,0.0,0.0019632771552697864,0.011341696535414824
2007-03-31,"GBP,NOK,SEK","CAD,JPY,NZD",-0.00581921524668796,-0.00581921524668796,0.0,0.006313677730478747,0.009840241165284517
2007-04-30,"GBP,NOK,NZD","CAD,CHF,JPY",0.00967874228166981,0.009545408948336477,0.3333333333333333,0.010371688297740725,0.0229568956181456
2007-05-31,"GBP,NOK,NZD","CAD,CHF,JPY",-0.003774471521524783,-0.003774471521524783,0.0,0.010019597889932032,-0.0082323953288843
2007-06-30,"AUD,GBP,NZD","CAD,CHF,JPY",0.0162458389165109,0.016179172249844234,0.16666666666666666,0.01546226933806753,0.01336446076972638
2007-07-31,"AUD,GBP,NZD","CAD,CHF,JPY",-0.006958886598776354,-0.006958886598776354,0.0,-0.009617981058300076,0.010271256878284242
2007-08-31,"AUD,GBP,NZD","CAD,CHF,JPY",-0.023621542567409483,-0.023621542567409483,0.0,-0.018016115576763195,-0.013288350682342846
2007-09-30,"GBP,NOK,NZD","CAD,JPY,SEK",0.006523175407715038,0.0063898420743817045,0.3333333333333333,0.011517897301986001,0.05355032303207157
2007-10-31,"AUD,NOK,NZD","CAD,CHF,JPY",0.005980518666775827,0.005847185333442494,0.3333333333333333,0.014843895853596821,0.018720563626524276
2007-11-30,"AUD,NOK,NZD","CHF,EUR,JPY",-0.025507440188695375,-0.02557410685536204,0.16666666666666666,-0.018343901505653765,-0.009950026790621538
2007-12-31,"AUD,NOK,NZD","CHF,JPY,SEK",0.004955526260046325,0.0048888595933796585,0.16666666666666666,-0.00410215247907854,-0.004265182205367152
2008-01-31,"AUD,NOK,NZD","EUR,JPY,SEK",-0.0027195191101141766,-0.0027861857767808433,0.16666666666666666,-0.00793803326169132,0.02077707721615179
2008-02-29,"AUD,NOK,NZD","EUR,JPY,SEK",0.003403151009415321,0.003403151009415321,0.0,-0.0054023757235039105,0.024072318441745413
2008-03-31,"AUD,CHF,NOK","CAD,EUR,SEK",0.0032149269109024324,0.003081593577569099,0.3333333333333333,-0.012360915414441877,0.012305537129100787
2008-04-30,"CHF,JPY,NOK","AUD,CAD,NZD",-0.021618264542693107,-0.021818264542693106,0.5,0.01736747363780007,-0.004299804809186026
2008-05-31,"CHF,JPY,NOK","CAD,EUR,NZD",-0.007071841923827175,-0.007138508590493841,0.16666666666666666,0.004816664425030672,-0.0008238721269560293
2008-06-30,"CHF,EUR,NOK","CAD,GBP,NZD",0.013519602985503858,0.013386269652170525,0.3333333333333333,3.4372317031831304e-06,-0.0020943444133209033
2008-07-31,"CHF,JPY,NOK","AUD,CAD,NZD",0.0007286781528183907,0.0005953448194850573,0.3333333333333333,-0.0013713957667556669,-0.014549014274416338
2008-08-31,"CHF,NOK,SEK","CAD,JPY,NZD",-0.010459885400740469,-0.010593218734073801,0.3333333333333333,-0.013395386915265286,-0.05383146552883668
2008-09-30,"CHF,NZD,SEK","AUD,CAD,JPY",-0.014010163492254282,-0.014143496825587614,0.3333333333333333,-0.03133083354808906,-0.03483027323766668
2008-10-31,"JPY,NZD,SEK","AUD,CAD,EUR",0.034904550341857195,0.03477121700852386,0.3333333333333333,-0.054612912399698725,-0.08809838537991975
2008-11-30,"GBP,JPY,SEK","CAD,CHF,EUR",0.00045042468480515144,0.0003170913514718181,0.3333333333333333,-0.01381543083494028,-0.02555379491588081
2008-12-31,"AUD,GBP,SEK","CAD,CHF,EUR",-0.032507611921234504,-0.03257427858790117,0.16666666666666666,-0.01134129696907462,0.04956213500781538
2009-01-31,"AUD,NZD,SEK","CAD,CHF,JPY",-0.028766185354740185,-0.028899518688073517,0.3333333333333333,-0.01667360484446864,-0.0515267579773416
2009-02-28,"AUD,NOK,NZD","CAD,CHF,JPY",0.017875695966783196,0.01780902930011653,0.16666666666666666,0.017875695966783196,-0.028300977393221422
2009-03-31,"EUR,GBP,NZD","CAD,CHF,SEK",0.006653532218446875,0.006453532218446876,0.5,0.022933460745770472,0.04492788142836885
2009-04-30,"AUD,GBP,NZD","CAD,CHF,EUR",0.00640950550898833,0.006276172175654997,0.3333333333333333,0.005604044389036479,0.022183767202082077
2009-05-31,"AUD,GBP,NZD","CAD,CHF,SEK",0.017319381122426245,0.017252714455759578,0.16666666666666666,0.014528405276454014,0.0788114365678451
2009-06-30,"EUR,GBP,NZD","CAD,NOK,SEK",0.020458867406909845,0.020325534073576512,0.3333333333333333,0.014156460178833418,-0.012195886216503582
2009-07-31,"GBP,JPY,NZD","CAD,NOK,SEK",-0.023167331687496115,-0.02323399835416278,0.16666666666666666,0.0015618045884504654,0.03685033698495424
2009-08-31,"CHF,JPY,NZD","CAD,NOK,SEK",0.00796246416853261,0.007895797501865944,0.16666666666666666,0.008281800998664624,0.007134702974794744
2009-09-30,"AUD,JPY,NZD","CAD,NOK,SEK",0.008400833454885787,0.00833416678821912,0.16666666666666666,0.011745719221071954,0.028059243728206364
2009-10-31,"AUD,JPY,NZD","CAD,EUR,SEK",0.006921830995683597,0.00685516432901693,0.16666666666666666,0.00986715447412611,0.0029607834981703915
2009-11-30,"AUD,NOK,NZD","CAD,JPY,SEK",-0.009391658724055917,-0.009524992057389249,0.3333333333333333,-0.009391658724055917,0.018249301967041703
2009-12-31,"AUD,NOK,NZD","CAD,JPY,SEK",0.01044472168002515,0.01044472168002515,0.0,0.01044472168002515,-0.023589376012425625
2010-01-31,"AUD,GBP,NZD","CAD,CHF,JPY",-0.007313301030860961,-0.007446634364194294,0.3333333333333333,-0.006524866974615571,-0.018953467607509735
2010-02-28,"AUD,GBP,NZD","CAD,CHF,JPY",-0.009036821773172485,-0.009036821773172485,0.0,-0.008635998575669285,0.0005843692685562433
2010-03-31,"AUD,NZD,SEK","CAD,CHF,JPY",0.0033715951079299282,0.0033049284412632616,0.16666666666666666,0.010313328906338999,0.0007553966304581309
2010-04-30,"AUD,GBP,NZD","CAD,CHF,JPY",0.01299801798430645,0.012931351317639783,0.16666666666666666,0.010198051322110173,0.0008159744565088772
2010-05-31,"AUD,NZD,SEK","CAD,CHF,JPY",-0.02531650579765729,-0.025383172464323957,0.16666666666666666,-0.026508136737624616,-0.05557046057227433
2010-06-30,"AUD,GBP,NZD","CAD,CHF,JPY",-0.008480817391932556,-0.008547484058599222,0.16666666666666666,-0.003268158740102223,0.01176103851037755
2010-07-31,"AUD,GBP,NZD","CHF,EUR,SEK",0.0013001482382999328,0.0011668149049665994,0.3333333333333333,0.012792451201003169,0.05505708202368144
2010-08-31,"AUD,NOK,NZD","CAD,CHF,SEK",-0.005871662956103997,-0.00600499628943733,0.3333333333333333,-0.014384538315609638,-0.015742519027374988
2010-09-30,"AUD,NOK,NZD","CAD,CHF,SEK",0.006167929659419143,0.006167929659419143,0.0,0.00928765639425266,0.055083161205435466
2010-10-31,"AUD,NZD,SEK","CAD,CHF,JPY",-0.00030812124896743625,-0.0004414545823007696,0.3333333333333333,0.000929278854155732,0.0029107657673377186
2010-11-30,"AUD,NOK,NZD","CHF,EUR,JPY",0.006580966233286778,0.006447632899953444,0.3333333333333333,0.0007977463433950852,-0.020697484534107493
2010-12-31,"AUD,CAD,NZD","CHF,EUR,JPY",-0.00013729786434767133,-0.000203964531014338,0.16666666666666666,0.008802008374794317,0.03479108296337417
2011-01-31,"AUD,NOK,NZD","CHF,EUR,JPY",-0.0036320475513847124,-0.003698714218051379,0.16666666666666666,-0.00439470589962169,0.004143019837755064
2011-02-28,"AUD,NZD,SEK","CAD,CHF,JPY",-0.003090747763838376,-0.003224081097171709,0.3333333333333333,0.0010748400993250895,0.014199578190446914
2011-03-31,"AUD,NZD,SEK","CAD,CHF,JPY",0.009418745996694164,0.009418745996694164,0.0,0.01017360484730434,0.009585318310240157
2011-04-30,"AUD,NZD,SEK","CAD,CHF,JPY",0.01329094232421052,0.01329094232421052,0.0,0.013303801843709304,0.04618309323659613
2011-05-31,"EUR,NOK,SEK","CAD,CHF,JPY",-0.017552992536719065,-0.017686325870052397,0.3333333333333333,-0.009057974653729952,-0.011910567230300706
2011-06-30,"AUD,NOK,SEK","CAD,CHF,JPY",-0.006308290921693515,-0.006374957588360181,0.16666666666666666,0.00433507237750873,0.0018363266003725595
2011-07-31,"AUD,NOK,SEK","CAD,CHF,JPY",-0.01134287756681655,-0.01134287756681655,0.0,-0.0021983520966160387,0.020151539654075505
2011-08-31,"AUD,NZD,SEK","CAD,CHF,JPY",-0.0019625027776463645,-0.002029169444313031,0.16666666666666666,-0.003956312762315112,-0.009281370895210627
2011-09-30,"AUD,NOK,NZD","CAD,CHF,JPY",-0.01777967638554873,-0.017846343052215396,0.16666666666666666,-0.01990364912669275,-0.0634902340508313
2011-10-31,"EUR,NOK,NZD","CAD,CHF,JPY",0.013315614408128475,0.013248947741461809,0.16666666666666666,0.024394731077809192,0.05163808075964934
2011-11-30,"AUD,NZD,SEK","CAD,GBP,JPY",-0.01656423952498842,-0.016764239524988418,0.5,-0.011561583204660386,-0.05485044813797889
2011-12-31,"EUR,NOK,NZD","CAD,CHF,JPY",-0.005415492467356736,-0.0056154924673567355,0.5,0.00562989558427241,-0.005100256574873785
2012-01-31,"AUD,GBP,NZD","CAD,CHF,JPY",0.01078043577599923,0.010647102442665897,0.3333333333333333,0.011172570498542402,0.028330346194849643
2012-02-29,"AUD,NOK,NZD","CAD,CHF,JPY",0.019870277297118044,0.019803610630451378,0.16666666666666666,0.016562253812917323,0.015672995449716218
2012-03-31,"AUD,NOK,NZD","CAD,CHF,JPY",-0.008961644408827428,-0.008961644408827428,0.0,-0.009798816440936777,-0.01785696787557895
2012-04-30,"AUD,GBP,NZD","CAD,CHF,JPY",0.00044089152350361687,0.0003742248568369502,0.16666666666666666,-0.0049775623028252905,0.006573320444489217
2012-05-31,"AUD,GBP,NZD","CHF,EUR,JPY",-0.01487713739374916,-0.014943804060415827,0.16666666666666666,-0.021543902090820962,-0.05568348307993325
2012-06-30,"AUD,GBP,NZD","CHF,JPY,SEK",0.009216417078123585,0.009149750411456919,0.16666666666666666,0.01886469792883951,0.013466939518284963
2012-07-31,"AUD,GBP,NZD","CHF,JPY,NOK",0.0144990234316145,0.014432356764947835,0.16666666666666666,0.017293762519643863,0.01616002199788195
2012-08-31,"AUD,GBP,NZD","CHF,EUR,JPY",-0.010114345311841008,-0.010181011978507674,0.16666666666666666,-0.005551406449796304,0.0076947383007865845
2012-09-30,"AUD,CAD,GBP","CHF,EUR,JPY",-0.0015495442444900809,-0.0016162109111567476,0.16666666666666666,0.003684404602499216,0.023060048849163833
2012-10-31,"AUD,NZD,SEK","CHF,EUR,JPY",-0.001945208849316093,-0.0020785421826494265,0.3333333333333333,0.002486255172341227,-0.009238241322837496
2012-11-30,"CAD,GBP,NZD","CHF,EUR,JPY",0.005345193363207764,0.005211860029874431,0.3333333333333333,0.007859061377768681,-0.00112717854658141
2012-12-31,"AUD,CAD,NZD","CHF,EUR,JPY",0.0012936346380069048,0.001226967971340238,0.16666666666666666,0.006943409739898833,0.004402729354520019
2013-01-31,"NOK,NZD,SEK","AUD,CHF,JPY",0.018765922525778526,0.018565922525778527,0.5,0.020000561662779283,0.00043652057061508803
2013-02-28,"EUR,NOK,SEK","AUD,CHF,JPY",-0.004839837477873785,-0.0049065041445404516,0.16666666666666666,0.0018531546862438804,-0.022532934419810746
2013-03-31,"NOK,NZD,SEK","AUD,CHF,JPY",-0.0004052644080482369,-0.0004719310747149036,0.16666666666666666,0.00831351944586332,-0.007489773693568822
2013-04-30,"NOK,NZD,SEK","CHF,GBP,JPY",0.005269284820894862,0.005202618154228195,0.16666666666666666,0.004886934027713767,0.004083496330365039
2013-05-31,"EUR,NZD,SEK","CHF,GBP,JPY",0.0012235609050075848,0.001156894238340918,0.16666666666666666,-0.008414961270781047,-0.023905262939434315
2013-06-30,"EUR,NZD,SEK","CHF,GBP,JPY",-0.0161925139812559,-0.0161925139812559,0.0,-0.023973995952054253,-0.012888398396482604
2013-07-31,"EUR,NOK,SEK","CAD,CHF,JPY",0.004559789295892056,0.004426455962558723,0.3333333333333333,0.0008627225487774547,0.011512551658320016
2013-08-31,"EUR,NOK,SEK","AUD,CHF,JPY",-0.0022418865865576933,-0.00230855325322436,0.16666666666666666,-0.013112034627334453,-0.009920931834086365
2013-09-30,"EUR,GBP,NOK","CAD,CHF,JPY",0.003781841626920633,0.0036485082935872994,0.3333333333333333,0.008465752063815961,0.029331856955327362
2013-10-31,"EUR,GBP,NOK","CAD,CHF,JPY",0.0071583911269083,0.0071583911269083,0.0,0.007973261515130808,0.003338720282970232
2013-11-30,"EUR,NOK,SEK","AUD,CHF,JPY",0.003872178213311539,0.0037388448799782056,0.3333333333333333,-0.009803302304593059,-0.0169020390668922
2013-12-31,"EUR,GBP,SEK","AUD,CHF,JPY",0.011126851999102063,0.011060185332435397,0.16666666666666666,-0.0015506024236976096,0.00362639674461983
2014-01-31,"EUR,GBP,NOK","AUD,CHF,JPY",-0.005987274686368415,-0.006053941353035081,0.16666666666666666,-0.004529536160574882,-0.013469822824597497
2014-02-28,"CAD,EUR,GBP","AUD,JPY,SEK",-9.309809177267345e-05,-0.0002264314251060068,0.3333333333333333,0.007903645216409298,0.013700346238366171
2014-03-31,"EUR,GBP,NOK","AUD,JPY,SEK",-0.003749576814716795,-0.0038162434813834617,0.16666666666666666,0.013891839358370595,0.008797745947412759
2014-04-30,"EUR,GBP,NOK","AUD,JPY,SEK",0.003008653817956316,0.003008653817956316,0.0,-0.0029864683181918443,0.0012173832945963697
2014-05-31,"EUR,GBP,NOK","AUD,JPY,SEK",-0.0025157246392282845,-0.0025157246392282845,0.0,0.00524710867013496,-0.0031317229121672835
2014-06-30,"EUR,GBP,NZD","AUD,CHF,SEK",0.008320085752477085,0.008186752419143753,0.3333333333333333,0.0016803081649016068,0.005752361414121104
2014-07-31,"EUR,GBP,NZD","CHF,JPY,SEK",-0.00023159917954977856,-0.00029826584621644526,0.16666666666666666,-0.0008784678356367499,-0.01822817870112143
2014-08-31,"AUD,GBP,NZD","CAD,CHF,SEK",-0.0017870934123120543,-0.0019204267456453877,0.3333333333333333,0.006550004957664005,-0.006077675207641637
2014-09-30,"AUD,GBP,NZD","CHF,JPY,SEK",-0.005081704340904561,-0.005148371007571227,0.16666666666666666,-0.00825062695282508,-0.04391211722840343
2014-10-31,"AUD,EUR,NOK","CHF,JPY,SEK",-0.001808079220063361,-0.0019414125533966944,0.3333333333333333,-0.00011222086055149216,-0.006615471959887665
2014-11-30,"AUD,CAD,NZD","CHF,JPY,SEK",0.00939884966575363,0.009265516332420298,0.3333333333333333,0.006563317531725319,-0.02246657817446212
2014-12-31,"AUD,CAD,NZD","CHF,JPY,SEK",0.0029410933271566495,0.0029410933271566495,0.0,-0.004083602412466835,-0.02701650780815849
2015-01-31,"AUD,CAD,NZD","CHF,EUR,SEK",-0.022596920934731646,-0.022663587601398312,0.16666666666666666,-0.030838654283185322,-0.03661235119793814
2015-02-28,"AUD,CAD,NZD","CHF,EUR,SEK",0.018661126267314285,0.018661126267314285,0.0,0.020512209048410335,0.0025154967411241927
2015-03-31,"AUD,CAD,NZD","CHF,EUR,SEK",0.006723369385992959,0.006723369385992959,0.0,-0.0031021867834797965,-0.022049012360233933
2015-04-30,"CAD,JPY,NZD","CHF,EUR,SEK",-0.0005230907502668733,-0.00058975741693354,0.16666666666666666,0.010280494755523745,0.03466092209658453
2015-05-31,"CAD,JPY,NZD","CHF,EUR,SEK",-0.0154701317720413,-0.0154701317720413,0.0,-0.011652713438651223,-0.02680130253522696
2015-06-30,"AUD,CAD,NZD","CHF,EUR,SEK",-0.0181019433144742,-0.018168609981140865,0.16666666666666666,-0.017464590150821184,0.005655577559752458
2015-07-31,"AUD,CAD,JPY","CHF,NZD,SEK",0.0027752317175500814,0.002641898384216748,0.3333333333333333,-0.002023787366516705,-0.03301412861548382
2015-08-31,"AUD,CAD,JPY","CHF,NZD,SEK",-0.0036857398659774394,-0.0036857398659774394,0.0,-0.01720490551020927,-0.0010787201866265805
2015-09-30,"AUD,CAD,JPY","CHF,EUR,SEK",-0.0030772465378371976,-0.0031439132045038643,0.16666666666666666,-0.010283659793256753,-0.008490501446756707
2015-10-31,"AUD,CAD,JPY","CHF,EUR,SEK",0.013872639192777297,0.013872639192777297,0.0,0.017785240742477892,0.0023634125060243427
2015-11-30,"AUD,CAD,JPY","CHF,NOK,SEK",0.01140774507818995,0.011341078411523283,0.16666666666666666,0.009238342545686024,-0.02035154021832892
2015-12-31,"AUD,CAD,JPY","CHF,EUR,SEK",-0.01914707567439394,-0.019213742341060606,0.16666666666666666,-0.007109834847822497,0.015313002199336142
2016-01-31,"AUD,JPY,NOK","CHF,EUR,SEK",0.007397558899391896,0.00733089223272523,0.16666666666666666,-0.005343660575867376,-0.014098006703284538
2016-02-29,"AUD,JPY,NOK","CHF,GBP,NZD",0.007389524382309017,0.007256191048975683,0.3333333333333333,-0.006229588527861868,0.007929606547518446
2016-03-31,"AUD,CAD,JPY","CHF,GBP,NZD",0.0022386010370261354,0.0021719343703594687,0.16666666666666666,0.012758015672097608,0.04259684920013059
2016-04-30,"AUD,CAD,JPY","CHF,GBP,NZD",0.007732378334669129,0.007732378334669129,0.0,0.002846493582101727,0.013947465872907861
2016-05-31,"AUD,CAD,JPY","CHF,GBP,NZD",-0.009829534889810589,-0.009829534889810589,0.0,-0.002145831049226851,-0.028016042041383735
2016-06-30,"AUD,CAD,JPY","CHF,GBP,NZD",0.021788112663789074,0.021788112663789074,0.0,0.00491785847265092,0.010571549231182555
2016-07-31,"AUD,JPY,NZD","CHF,GBP,SEK",0.00500672068899501,0.004873387355661676,0.3333333333333333,0.0013982809063062865,-0.011320632181498048
2016-08-31,"AUD,JPY,NZD","CHF,GBP,SEK",0.007062035585162291,0.007062035585162291,0.0,0.001315299610047769,0.00895317477809094
2016-09-30,"AUD,CAD,JPY","CHF,GBP,SEK",0.004121985013241422,0.0040553183465747555,0.16666666666666666,-0.00089063387022817,0.00787469838510546
2016-10-31,"AUD,CAD,JPY","CHF,GBP,SEK",0.012517191261992565,0.012517191261992565,0.0,0.012071847190672474,-0.02660304566785247
2016-11-30,"AUD,CAD,JPY","CHF,GBP,SEK",-0.01087898762694777,-0.01087898762694777,0.0,0.015932863991856557,-0.01928652252833824
2016-12-31,"AUD,JPY,NZD","CHF,GBP,SEK",-0.012614171746918349,-0.012680838413585015,0.16666666666666666,-0.004900185005336507,-0.012889550482221204
2017-01-31,"AUD,CAD,JPY","CHF,GBP,SEK",0.005310782547712509,0.005244115881045843,0.16666666666666666,0.008541378981815081,0.028727825040470483
2017-02-28,"AUD,CAD,NZD","CHF,GBP,SEK",0.0072610746535431885,0.007194407986876522,0.16666666666666666,0.005163303476886653,-0.007205791537862864
2017-03-31,"AUD,CAD,NOK","CHF,GBP,SEK",-0.009907176338153616,-0.009973843004820283,0.16666666666666666,-0.0111416105965885,-0.0017832210871010748
2017-04-30,"AUD,CAD,NZD","CHF,GBP,SEK",-0.018268076071516363,-0.01833474273818303,0.16666666666666666,-0.013499373336989745,0.000855026887950879
2017-05-31,"AUD,CAD,NZD","CHF,GBP,SEK",0.0032525772483347273,0.0032525772483347273,0.0,0.0016262119857396113,0.012255677136066949
2017-06-30,"AUD,CAD,NZD","CHF,GBP,SEK",0.005432056821081917,0.005432056821081917,0.0,0.009852045216453578,0.02122414166017286
2017-07-31,"AUD,CAD,NOK","CHF,GBP,SEK",0.017307288993287276,0.01724062232662061,0.16666666666666666,0.012092710936010834,0.02754699291737127
2017-08-31,"AUD,CAD,NOK","CHF,EUR,GBP",-0.001147755351168878,-0.0012144220178355446,0.16666666666666666,-0.0139634883853866,-0.0035624995501778566
2017-09-30,"AUD,CAD,NOK","CHF,EUR,GBP",-0.00499838840557274,-0.00499838840557274,0.0,0.009579369702182703,-0.002194800205093673
2017-10-31,"AUD,CAD,NOK","CHF,EUR,JPY",-0.005286776321937011,-0.005353442988603677,0.16666666666666666,-0.005796641892457901,-0.022890150103205584
2017-11-30,"AUD,CAD,GBP","CHF,EUR,JPY",-0.006311408739148261,-0.006378075405814927,0.16666666666666666,-0.005305375617472136,0.0019579935214746446
2017-12-31,"AUD,CAD,GBP","CHF,JPY,NZD",0.004792829482064141,0.004726162815397475,0.16666666666666666,0.01260156364839461,0.011844417485779789
2018-01-31,"AUD,CAD,NOK","CHF,JPY,NZD",0.0013911339497800906,0.001324467283113424,0.16666666666666666,-0.0056023276256642485,0.042750272707451575
2018-02-28,"AUD,GBP,NOK","CHF,JPY,SEK",-0.006242550315622178,-0.0063758836489555114,0.3333333333333333,-0.007864650335687593,-0.01909524445814824
2018-03-31,"AUD,CAD,NOK","CHF,JPY,NZD",-0.0012512867017454125,-0.001384620035078746,0.3333333333333333,0.0008733069576274837,-0.0032076109362444674
2018-04-30,"AUD,CAD,NOK","CHF,JPY,NZD",0.00858603981854484,0.00858603981854484,0.0,0.011156925954428971,-0.0192199615712118
2018-05-31,"AUD,CAD,NOK","CHF,JPY,SEK",-0.0023564698765052524,-0.002423136543171919,0.16666666666666666,-0.00013039011676090843,-0.014567175074912626
2018-06-30,"AUD,CAD,NOK","CHF,JPY,SEK",-0.000760788431930488,-0.000760788431930488,0.0,-0.005993570161047967,-0.018332937046636806
2018-07-31,"AUD,CAD,NOK","CHF,EUR,SEK",-0.002873158784814483,-0.00293982545148115,0.16666666666666666,0.000706069299559877,0.010827340210012316
2018-08-31,"CAD,GBP,NOK","CHF,JPY,SEK",-0.0014607229453534754,-0.0015940562786868088,0.3333333333333333,-0.0028242668854631496,-0.011218610633732208
2018-09-30,"CAD,GBP,NZD","CHF,EUR,SEK",-0.0030126625205136163,-0.0031459958538469497,0.3333333333333333,-0.001982025847769741,0.001194755433845149
2018-10-31,"AUD,CAD,NOK","CHF,EUR,SEK",0.006869773904079024,0.006736440570745691,0.3333333333333333,0.005889607090988107,-0.019161401541128727
2018-11-30,"AUD,CAD,NZD","CHF,EUR,SEK",0.007728613846983583,0.0076619471803169165,0.16666666666666666,0.008951773811962655,0.008792457542436726
2018-12-31,"AUD,CAD,NZD","CHF,EUR,GBP",-0.015287241840714555,-0.015353908507381222,0.16666666666666666,-0.021805668129112003,-0.006657865620856808
2019-01-31,"CAD,NOK,NZD","CHF,JPY,SEK",0.01795046512173651,0.01775046512173651,0.5,0.017279637112493636,0.0181903485925559
2019-02-28,"AUD,CAD,NZD","CHF,EUR,SEK",0.00411513073326014,0.0039817973999268065,0.3333333333333333,0.005397771595908412,-0.008812811343584779
2019-03-31,"AUD,CAD,NZD","CHF,EUR,SEK",-0.004334021637401136,-0.004334021637401136,0.0,-0.006858301324356127,-0.008763648091154486
2019-04-30,"AUD,CAD,NZD","CHF,EUR,SEK",0.0057347797270485374,0.0057347797270485374,0.0,0.006635260976939912,-0.010539362378619953
2019-05-31,"AUD,CAD,NZD","CHF,EUR,SEK",-0.008468171643207791,-0.008468171643207791,0.0,-0.012795262479422993,-0.007064105799279383
2019-06-30,"AUD,CAD,NZD","CHF,JPY,SEK",0.001214939783121708,0.0011482731164550414,0.16666666666666666,0.001214939783121708,0.023355876407750584
2019-07-31,"AUD,CAD,NZD","CHF,EUR,NOK",0.004755343208422346,0.004622009875089012,0.3333333333333333,0.0035619726495264518,-0.019367191678406465
2019-08-31,"AUD,CAD,NZD","CHF,EUR,SEK",-0.007551631217103749,-0.007618297883770415,0.16666666666666666,-0.015162556044631955,-0.012986917335866297
2019-09-30,"AUD,CAD,NZD","CHF,EUR,SEK",0.003855122022930506,0.003855122022930506,0.0,0.005633144044645855,-0.0019219114116551836
2019-10-31,"AUD,CAD,NZD","CHF,EUR,SEK",0.0022647273724852217,0.0022647273724852217,0.0,0.0016950428534098583,0.012330492894837945
2019-11-30,"AUD,CAD,GBP","CHF,EUR,SEK",-0.0018061832605360344,-0.0018728499272027011,0.16666666666666666,0.000669183712197384,-0.004707377903046626
2019-12-31,"CAD,GBP,NZD","CHF,EUR,JPY",0.005175177779187044,0.005041844445853711,0.3333333333333333,0.008552924503939723,0.025637915313943684
2020-01-31,"CAD,GBP,NZD","CHF,EUR,JPY",-0.00505665623153728,-0.00505665623153728,0.0,-0.008840293184587919,-0.01997479982981982
2020-02-29,"CAD,GBP,NZD","EUR,JPY,NOK",-0.0037209696065881167,-0.0037876362732547834,0.16666666666666666,-0.008010923341960182,-0.01185755222541212
2020-03-31,"CAD,GBP,NZD","EUR,JPY,SEK",-0.02040931333711181,-0.020475980003778475,0.16666666666666666,-0.032656964805251834,-0.03604636442425516
2020-04-30,"AUD,GBP,NZD","EUR,JPY,SEK",0.012473911224709285,0.012407244558042619,0.16666666666666666,0.01490775851254459,0.015640927573463914
2020-05-31,"AUD,CAD,NZD","CHF,EUR,JPY",0.0017942177304003065,0.0016608843970669731,0.3333333333333333,-0.0008102378316470517,0.01379714231438145
2020-06-30,"AUD,CAD,GBP","CHF,EUR,JPY",0.00259620483887958,0.002529538172212913,0.16666666666666666,0.009442922692548853,0.01574371990462669
2020-07-31,"AUD,GBP,SEK","EUR,JPY,NOK",0.006134432881509458,0.0060010995481761245,0.3333333333333333,-0.0054876923219413926,0.0495709943369297
2020-08-31,"AUD,GBP,SEK","EUR,JPY,NOK",0.0036813032739759378,0.0036813032739759378,0.0,0.004727560754922667,0.012770643330907704
2020-09-30,"AUD,GBP,SEK","CHF,EUR,JPY",-0.012099347908081853,-0.012166014574748519,0.16666666666666666,0.002011695296709753,-0.027958699097290134
2020-10-31,"AUD,GBP,SEK","EUR,JPY,NOK",0.0005742822765687103,0.0005076156099020436,0.16666666666666666,-0.0011415879425863912,0.00033066959161049466
2020-11-30,"AUD,GBP,SEK","CHF,JPY,NOK",0.006025352728239619,0.005958686061572953,0.16666666666666666,0.007198247167833186,0.03776229208892544
2020-12-31,"AUD,NZD,SEK","CAD,EUR,JPY",0.007922331715032134,0.007722331715032134,0.5,-0.0003238370020852287,0.02659186991363163
2021-01-31,"AUD,GBP,SEK","CAD,EUR,JPY",0.0029898085326935113,0.0029231418660268446,0.16666666666666666,0.0038614550333130266,-0.007523832545494467
2021-02-28,"GBP,NZD,SEK","CAD,EUR,JPY",0.008486954390248236,0.00842028772358157,0.16666666666666666,0.0154907643364495,0.008001303491718311
2021-03-31,"AUD,GBP,SEK","CAD,CHF,JPY",-0.003965250369815364,-0.0040985837031486975,0.3333333333333333,0.001675509813528299,-0.029526428943524433
2021-04-30,"AUD,GBP,SEK","CHF,EUR,JPY",-0.0005313195392489655,-0.0005979862059156322,0.16666666666666666,-0.002118714410135839,0.03017574003022218
2021-05-31,"AUD,NZD,SEK","CHF,EUR,JPY",-0.001228601614653139,-0.0012952682813198058,0.16666666666666666,0.009039457270289462,0.0016210502323819413
2021-06-30,"GBP,NOK,NZD","CHF,EUR,JPY",-0.0047948523641874186,-0.004928185697520752,0.3333333333333333,-0.005344571281509952,-0.023244987589811108
2021-07-31,"GBP,NOK,SEK","CHF,EUR,JPY",-0.006728242244576663,-0.00679490891124333,0.16666666666666666,0.00023735552372995575,-0.0006016558637589813
2021-08-31,"CAD,NOK,NZD","CHF,EUR,JPY",0.0031660276746627415,0.003032694341329408,0.3333333333333333,-0.002909584143416916,-0.007805997371582718
2021-09-30,"CAD,NOK,NZD","CHF,EUR,JPY",0.002188096587806657,0.002188096587806657,0.0,-0.0008432194314873225,-0.016884428493709785
2021-10-31,"CAD,NOK,NZD","CHF,EUR,JPY",0.019450411612255067,0.019450411612255067,0.0,0.014664859048313189,0.029065520063912213
2021-11-30,"AUD,NOK,NZD","CHF,EUR,GBP",-0.01590447312588196,-0.016037806459215292,0.3333333333333333,-0.013205612503180347,-0.03924444317863471
2021-12-31,"CAD,NOK,NZD","EUR,JPY,SEK",0.005153210003241845,0.004953210003241846,0.5,0.004050898027752599,0.006119512333695466
2022-01-31,"CAD,NOK,NZD","CHF,EUR,SEK",0.002133579412847612,0.0020669127461809453,0.16666666666666666,-0.0011531083704034981,-0.020019785052800824
2022-02-28,"CAD,NOK,NZD","CHF,EUR,SEK",0.005852167196954146,0.005852167196954146,0.0,0.006334981514056583,0.005213495948090384
2022-03-31,"CAD,NOK,NZD","CHF,EUR,SEK",0.012279029786007294,0.012279029786007294,0.0,0.014266973523804662,0.012674296236025166
2022-04-30,"AUD,NOK,NZD","EUR,GBP,JPY",-0.005500435508504587,-0.005700435508504587,0.5,-0.004110785512808097,-0.05887066232536431
2022-05-31,"AUD,CAD,NZD","EUR,GBP,JPY",-0.0047341705728386795,-0.004800837239505346,0.16666666666666666,-0.0020378374521898457,0.01411149928952218
2022-06-30,"CAD,NOK,NZD","EUR,JPY,SEK",0.004447729437563143,0.0043143961042298095,0.3333333333333333,-0.0025064392864299575,-0.03761147608925971
2022-07-31,"CAD,NOK,NZD","EUR,GBP,JPY",0.006803852102933141,0.006737185436266475,0.16666666666666666,0.0055433271177181415,0.005242343054834422
2022-08-31,"AUD,CAD,NZD","CHF,EUR,GBP",0.0024384141196912654,0.002305080786357932,0.3333333333333333,0.0007366541063236333,-0.02547962064728408
2022-09-30,"AUD,CAD,NZD","CHF,GBP,JPY",-0.01151508830929459,-0.011581754975961256,0.16666666666666666,-0.01509999080207545,-0.042442474803613656
2022-10-31,"AUD,CAD,NZD","CHF,GBP,JPY",0.001552412344514539,0.001552412344514539,0.0,0.005928495812744668,0.0061253707576654805
2022-11-30,"AUD,CAD,NOK","CHF,GBP,JPY",-0.009659388053106522,-0.009726054719773189,0.16666666666666666,-0.004281871198516071,0.03964775502084001
2022-12-31,"AUD,CAD,NZD","CHF,GBP,JPY",-0.00704469611753434,-0.007111362784201007,0.16666666666666666,-0.01136789511465969,0.020535568877290997
2023-01-31,"AUD,CAD,EUR","GBP,JPY,SEK",0.004655410072079846,0.004522076738746513,0.3333333333333333,0.006956934357170055,0.014385134638903119
2023-02-28,"AUD,CAD,NZD","CHF,GBP,JPY",-0.0036750192956250694,-0.003808352628958403,0.3333333333333333,-0.004016493200211564,-0.026593757249288523
2023-03-31,"CAD,EUR,NZD","CHF,GBP,JPY",-0.0033272239814655918,-0.0033938906481322585,0.16666666666666666,0.0022717368629704333,0.013007199921362924
2023-04-30,"CAD,EUR,GBP","CHF,NOK,SEK",0.00168714797177341,0.0014871479717734099,0.5,-0.0010210474339368556,-0.0014980428751821078
2023-05-31,"CAD,EUR,GBP","AUD,CHF,NOK",0.008493654591478828,0.008426987924812161,0.16666666666666666,0.015377752344983453,-0.02533043309985075
2023-06-30,"CAD,EUR,NZD","CHF,NOK,SEK",0.0006090044294202734,0.0004756710960869401,0.3333333333333333,0.007635576571590153,0.009221669877966477
2023-07-31,"CAD,EUR,NZD","CHF,NOK,SEK",-0.015163958877696358,-0.015163958877696358,0.0,-0.008584809777116974,0.023164086467763554
2023-08-31,"CAD,EUR,NZD","AUD,CHF,JPY",0.002945155686274936,0.0028118223529416024,0.3333333333333333,0.0044618430308733074,-0.023784774190250838
2023-09-30,"CAD,EUR,NZD","AUD,CHF,NOK",0.0058806072766355326,0.005813940609968866,0.16666666666666666,0.0072148172320112775,-0.017563214048201332
2023-10-31,"EUR,GBP,NZD","AUD,CHF,JPY",-0.002973622423702844,-0.0031069557570361775,0.3333333333333333,-0.005968320083794363,-0.010394094181449395
2023-11-30,"EUR,GBP,NZD","AUD,CHF,SEK",-0.0020749057776000834,-0.00214157244426675,0.16666666666666666,9.608706249653737e-06,0.039667477249427256
2023-12-31,"CAD,EUR,GBP","CHF,JPY,NOK",-0.012555684164928752,-0.012755684164928753,0.5,-0.00757000524315833,0.028745472272607042
2024-01-31,"CAD,EUR,GBP","AUD,CHF,JPY",0.011132911103630346,0.01106624443696368,0.16666666666666666,0.010666020813976594,-0.025584479396961277
2024-02-29,"CAD,EUR,NOK","AUD,CHF,JPY",0.005833631740630499,0.005766965073963833,0.16666666666666666,0.0035184385699742545,-0.009454988684644413
2024-03-31,"CAD,EUR,GBP","AUD,CHF,JPY",0.0049924229493180415,0.004925756282651375,0.16666666666666666,0.008634300543089654,-0.01188660762269405
2024-04-30,"CAD,EUR,GBP","AUD,CHF,JPY",0.0033508363838320233,0.0033508363838320233,0.0,0.009494653347665905,-0.010319775545838232
2024-05-31,"CAD,GBP,NZD","CHF,JPY,SEK",0.0014589478340250673,0.0013256145006917339,0.3333333333333333,0.0014589478340250673,0.015103400548958621
2024-06-30,"GBP,NOK,SEK","AUD,CHF,JPY",0.00022632144451790147,2.632144451790146e-05,0.5,0.0028342105066032465,-0.005861276340929428
2024-07-31,"NOK,NZD,SEK","CHF,EUR,JPY",-0.023954706472146134,-0.024088039805479466,0.3333333333333333,-0.01258192096398449,-2.055208279939781e-05
2024-08-31,"GBP,NOK,NZD","AUD,CHF,JPY",0.0005464410721467763,0.000413107738813443,0.3333333333333333,-0.00432868967757493,0.0408207685448339
2024-09-30,"NOK,NZD,SEK","CHF,EUR,JPY",0.0007750437989201128,0.0006417104655867794,0.3333333333333333,0.00016004448550922465,0.010277159405766432
2024-10-31,"GBP,NOK,SEK","CAD,EUR,JPY",-0.0003270002791772343,-0.00046033361251056766,0.3333333333333333,0.00441277935361227,-0.04384713780089541
2024-11-30,"GBP,NOK,SEK","CHF,EUR,JPY",-0.0017153241366211344,-0.001781990803287801,0.16666666666666666,-0.0008070595190314911,-0.012306653747437446
2024-12-31,"AUD,GBP,NOK","EUR,NZD,SEK",-0.0017319610415913959,-0.001931961041591396,0.5,-0.0006249033627315653,-0.02596779329176123
2025-01-31,"CAD,GBP,NOK","CHF,NZD,SEK",-0.000878902154138344,-0.0010122354874716774,0.3333333333333333,-0.0018898057862482306,-0.0012406327099890374
2025-02-28,"GBP,JPY,NOK","CHF,NZD,SEK",0.0023270583465987817,0.002260391679932115,0.16666666666666666,-0.005505267798652101,0.009936127769250853
2025-03-31,"GBP,JPY,NOK","AUD,EUR,NZD",0.006276920433741066,0.006143587100407732,0.3333333333333333,0.002783493132264404,0.030185556675454653
2025-04-30,"GBP,JPY,NOK","AUD,EUR,NZD",-0.0018097033455059391,-0.0018097033455059391,0.0,-0.014426018017018719,0.03892164337332176
2025-05-31,"JPY,NOK,SEK","AUD,EUR,NZD",0.0011921211204494711,0.0011254544537828044,0.16666666666666666,0.00794212864422471,0.0055442561881560775
