date,USD,EUR,GBP,AUD,NZD,JPY,CAD,CHF,SEK,NOK
1994-01-31,88.69,108.94,114.84,88.9,87.39,164.09,109.56,93.2,135.45,117.04
1994-02-28,88.2,108.66,113.1,90.27,87.47,170.65,105.86,93.46,136.92,116.37
1994-03-31,88.3,110.51,112.73,88.97,86.37,172.27,103.52,93.83,136.5,117.43
1994-04-30,88.21,110.37,112.87,89.2,85.52,174.86,101.87,93.23,137.48,116.98
1994-05-31,87.45,111.9,113.06,89.62,87.04,172.73,101.39,92.58,138.15,117.64
1994-06-30,87.14,112.52,113.17,90.17,87.67,172.36,100.89,94.0,134.69,118.56
1994-07-31,85.96,114.77,111.25,88.85,88.09,176.4,100.48,95.17,132.3,119.7
1994-08-31,85.73,114.55,111.04,89.23,88.11,173.22,100.44,95.62,132.14,119.33
1994-09-30,84.76,114.16,111.43,88.52,87.8,173.68,101.74,96.46,135.28,119.25
1994-10-31,84.08,115.2,112.56,87.44,88.4,173.81,101.43,96.87,138.15,120.22
1994-11-30,84.27,113.68,112.04,89.7,89.99,173.98,100.89,95.14,137.24,119.17
1994-12-31,86.12,112.24,111.94,93.26,92.81,170.57,99.81,94.05,136.0,118.83
1995-01-31,88.03,113.38,111.21,91.69,93.05,169.61,98.38,96.15,135.01,120.33
1995-02-28,87.25,114.58,109.99,88.96,92.38,170.39,99.06,96.92,135.04,120.95
1995-03-31,86.03,117.22,108.63,85.57,92.41,182.0,97.82,101.4,132.53,123.31
1995-04-30,82.62,116.92,107.21,83.59,93.23,193.98,98.8,102.27,129.13,122.28
1995-05-31,82.18,115.3,107.2,83.23,93.89,191.35,100.04,100.19,131.13,121.33
1995-06-30,82.23,115.66,106.81,82.32,94.12,191.26,98.53,100.35,130.59,121.88
1995-07-31,82.19,117.05,105.93,83.89,94.94,184.04,100.0,99.95,131.46,122.4
1995-08-31,84.25,115.46,107.1,88.13,94.06,170.97,100.89,99.2,133.48,121.7
1995-09-30,85.23,114.54,107.68,90.96,94.52,161.88,101.6,100.58,137.07,121.76
1995-10-31,85.23,116.22,106.99,90.93,94.51,159.49,101.41,102.42,140.94,122.23
1995-11-30,86.18,116.74,105.89,89.9,94.48,157.46,101.57,102.57,146.06,121.33
1995-12-31,86.37,116.03,105.82,89.76,94.56,158.03,100.26,101.68,146.24,120.4
1996-01-31,86.8,115.19,105.51,90.29,96.91,151.69,100.31,101.26,144.84,119.79
1996-02-29,86.79,115.23,106.23,91.71,98.35,150.55,99.4,99.85,141.43,120.28
1996-03-31,86.84,114.67,105.96,93.64,98.74,150.03,100.17,99.91,145.12,119.9
1996-04-30,86.68,113.21,106.17,95.73,98.65,148.46,100.52,98.61,146.78,119.53
1996-05-31,86.79,112.2,107.19,97.32,98.96,150.17,99.93,96.12,145.8,119.05
1996-06-30,87.1,112.62,109.09,97.13,98.22,146.29,100.26,95.84,147.39,119.48
1996-07-31,87.15,113.97,108.46,96.7,100.25,145.44,99.79,96.77,146.71,120.52
1996-08-31,86.53,114.34,107.82,95.32,99.98,146.16,99.13,98.76,145.38,120.43
1996-09-30,86.84,113.11,109.65,96.61,101.26,143.82,99.27,96.87,146.34,120.44
1996-10-31,87.38,112.16,112.03,96.8,102.6,141.04,100.8,95.31,147.75,120.72
1996-11-30,86.98,112.72,116.54,96.79,103.51,139.92,101.92,92.74,144.87,121.57
1996-12-31,87.49,111.5,118.53,97.64,103.24,138.72,100.32,90.23,142.25,121.27
1997-01-31,88.23,109.79,119.78,96.25,104.07,134.34,101.54,87.85,139.7,124.96
1997-02-28,89.73,107.15,120.76,96.58,104.08,129.37,101.73,86.52,136.71,125.82
1997-03-31,90.58,106.2,120.38,99.57,104.75,130.53,100.64,86.47,133.9,124.2
1997-04-30,90.79,105.17,122.95,98.32,104.27,129.86,98.86,86.82,134.36,121.16
1997-05-31,89.48,105.11,122.7,96.37,103.38,137.5,99.63,87.83,133.58,118.9
1997-06-30,89.17,103.64,124.3,93.17,103.04,142.7,99.24,87.46,132.96,117.16
1997-07-31,90.13,101.72,128.34,92.79,100.63,143.14,100.1,86.68,134.18,115.35
1997-08-31,91.66,100.66,126.33,94.33,99.15,141.96,99.7,86.94,134.35,115.02
1997-09-30,91.8,102.73,124.89,92.34,98.97,139.71,99.65,88.04,138.35,118.25
1997-10-31,92.27,104.15,126.21,92.48,99.3,140.99,99.57,88.29,139.17,120.95
1997-11-30,93.79,106.1,130.11,90.16,99.29,136.38,98.05,90.33,137.8,120.51
1997-12-31,96.76,106.62,131.89,89.93,98.0,137.71,98.19,90.7,137.29,120.59
1998-01-31,99.16,106.32,132.07,92.04,97.92,142.75,98.44,90.27,135.0,119.94
1998-02-28,97.66,105.14,131.4,92.53,96.41,143.57,98.21,90.31,132.58,118.68
1998-03-31,97.25,104.19,133.45,91.75,94.7,138.73,99.32,88.63,134.48,118.55
1998-04-30,97.07,104.48,134.22,89.1,91.92,134.02,97.99,87.06,136.48,118.27
1998-05-31,97.78,106.78,130.95,86.74,90.63,132.13,97.25,87.82,137.98,118.39
1998-06-30,99.92,107.49,133.51,85.01,88.63,128.71,96.54,87.82,135.21,118.14
1998-07-31,100.36,107.49,132.74,87.11,89.72,127.33,95.2,86.82,134.03,117.88
1998-08-31,102.11,108.75,132.53,83.59,88.3,123.75,92.47,88.34,131.22,116.52
1998-09-30,100.37,111.67,132.58,81.01,86.42,132.15,92.1,91.23,131.1,115.88
1998-10-31,97.38,112.38,129.37,82.09,85.46,145.16,89.95,92.81,128.35,114.77
1998-11-30,97.07,110.02,128.59,84.39,86.53,145.03,90.16,90.74,127.39,116.51
1998-12-31,96.16,110.56,129.01,81.85,84.58,147.76,89.49,91.88,125.54,113.9
1999-01-31,96.21,109.7,127.29,83.11,86.28,152.38,90.82,91.13,130.16,116.77
1999-02-28,97.24,108.0,128.47,85.31,87.95,148.27,92.66,90.85,131.28,115.42
1999-03-31,98.44,106.4,131.13,85.26,87.31,146.33,92.02,90.08,129.73,117.07
1999-04-30,98.13,104.78,131.27,86.61,88.54,146.37,93.62,88.87,128.8,118.84
1999-05-31,97.88,104.02,132.49,89.76,89.67,143.33,95.73,88.26,127.6,119.51
1999-06-30,98.44,101.97,132.36,89.64,86.98,144.92,95.6,87.88,128.56,119.29
1999-07-31,98.76,102.06,129.77,90.03,85.98,145.89,94.4,87.27,129.18,118.68
1999-08-31,97.64,103.3,130.49,87.2,85.18,153.6,93.56,88.33,129.73,117.39
1999-09-30,97.0,101.47,132.47,87.18,83.74,163.06,94.2,87.59,131.06,117.54
1999-10-31,96.6,102.39,133.24,86.94,81.78,163.66,94.02,88.39,130.37,117.72
1999-11-30,96.81,99.86,133.04,85.75,82.11,165.44,94.69,86.43,129.5,118.01
1999-12-31,96.71,97.98,133.81,86.21,81.45,168.5,94.26,85.83,128.75,118.03
2000-01-31,96.53,97.81,134.2,88.77,81.99,162.97,95.45,85.4,127.39,118.42
2000-02-29,97.93,96.15,133.74,86.17,79.95,156.4,95.88,84.91,127.76,117.8
2000-03-31,98.52,94.6,133.05,83.26,80.52,161.77,95.42,84.01,128.79,116.26
2000-04-30,98.98,93.09,135.22,81.48,82.09,164.01,94.73,84.96,129.43,114.76
2000-05-31,101.32,91.3,132.78,81.05,79.39,162.57,93.95,84.86,129.05,113.07
2000-06-30,100.54,94.61,129.0,83.49,78.39,163.78,94.99,86.15,129.74,114.65
2000-07-31,100.74,94.06,129.04,84.66,77.41,161.06,95.15,86.42,127.2,115.09
2000-08-31,101.28,91.41,130.18,85.18,75.61,162.08,94.94,84.84,125.51,114.62
2000-09-30,102.32,89.22,128.58,82.11,72.24,164.68,95.1,84.97,123.94,114.94
2000-10-31,103.89,87.91,131.85,79.02,70.91,163.59,93.85,85.24,121.63,114.63
2000-11-30,104.4,88.49,129.67,78.22,71.26,162.86,92.3,85.26,120.38,115.76
2000-12-31,103.28,92.03,129.42,81.24,75.42,157.11,93.19,87.21,121.94,115.49
2001-01-31,103.74,95.04,126.82,82.68,77.44,149.26,93.69,88.13,120.72,117.68
2001-02-28,104.58,94.32,126.04,80.31,76.42,149.77,92.83,86.94,119.26,118.15
2001-03-31,106.29,94.73,127.24,77.03,75.33,144.39,91.21,86.79,117.75,119.0
2001-04-30,107.07,94.17,128.31,77.47,73.99,142.62,91.75,86.6,117.89,118.98
2001-05-31,106.92,92.32,129.17,80.42,76.38,145.01,93.21,85.57,117.59,119.7
2001-06-30,107.71,90.94,128.94,80.83,75.74,145.25,94.45,85.58,114.4,119.92
2001-07-31,108.02,92.02,129.28,79.88,75.27,142.37,94.34,86.63,114.18,118.85
2001-08-31,106.16,94.74,128.16,80.45,77.75,144.11,93.03,87.43,115.73,119.06
2001-09-30,106.59,95.41,129.66,77.23,75.75,146.64,91.21,89.01,112.3,121.0
2001-10-31,106.87,95.41,129.02,78.1,75.67,144.34,90.82,89.61,113.08,120.88
2001-11-30,107.39,93.69,128.88,80.95,76.17,142.91,88.92,89.84,114.12,121.01
2001-12-31,106.95,94.54,129.21,81.28,76.59,137.43,90.34,89.37,114.08,120.41
2002-01-31,108.07,93.77,128.73,82.5,78.68,131.53,89.33,89.16,115.84,120.9
2002-02-28,108.74,92.85,128.93,82.32,78.14,129.68,90.04,88.39,115.86,122.28
2002-03-31,108.49,93.34,128.18,83.67,80.0,132.08,90.6,88.69,118.05,123.15
2002-04-30,108.24,93.59,128.84,84.77,81.37,131.66,90.9,89.4,117.2,124.67
2002-05-31,106.72,95.79,127.5,85.51,83.26,134.85,92.48,90.84,117.42,127.85
2002-06-30,105.5,98.57,126.3,87.07,86.64,136.45,93.32,91.09,120.28,131.34
2002-07-31,104.08,100.7,128.9,83.5,84.34,140.47,92.42,92.26,119.22,132.85
2002-08-31,105.31,100.05,129.12,82.45,82.23,140.64,91.41,91.77,119.1,131.38
2002-09-30,105.82,100.11,130.52,83.3,83.37,138.4,91.03,91.72,120.79,132.87
2002-10-31,106.57,100.45,130.81,84.23,85.79,134.89,91.14,92.27,121.98,133.58
2002-11-30,105.22,100.9,129.77,85.02,87.48,136.24,91.36,92.28,122.34,134.89
2002-12-31,104.29,102.34,129.66,85.17,89.45,134.86,91.63,92.38,122.55,136.7
2003-01-31,102.92,104.66,127.43,86.72,92.5,135.69,92.63,93.97,123.23,140.79
2003-02-28,103.25,106.0,125.73,88.28,93.93,133.74,94.52,93.92,125.15,137.06
2003-03-31,103.11,106.94,123.49,89.14,93.49,134.93,96.75,93.9,124.74,130.79
2003-04-30,102.1,107.14,122.54,89.95,92.59,133.37,96.94,92.29,125.24,129.97
2003-05-31,98.46,111.05,120.93,93.37,93.82,134.1,101.58,92.76,127.49,130.75
2003-06-30,98.45,111.78,123.07,95.8,94.06,132.29,103.7,91.36,128.09,125.93
2003-07-31,99.52,110.11,122.14,96.39,95.74,132.45,102.13,89.6,126.05,123.09
2003-08-31,100.87,108.72,121.7,95.43,95.82,132.98,101.18,89.53,124.29,123.14
2003-09-30,99.77,108.55,122.03,95.83,94.88,136.27,103.03,88.84,126.95,123.72
2003-10-31,97.48,110.68,123.43,98.34,95.23,140.96,105.2,90.0,128.98,124.04
2003-11-30,96.78,110.63,124.09,101.46,98.92,140.4,106.55,89.21,128.82,124.56
2003-12-31,95.11,114.01,124.82,103.05,99.74,140.47,105.96,90.65,130.15,125.3
2004-01-31,93.75,114.57,126.91,106.19,101.51,140.04,106.37,90.21,129.05,120.73
2004-02-29,94.42,114.43,129.95,106.97,104.04,139.1,103.39,89.53,127.9,118.14
2004-03-31,95.67,112.52,129.04,104.25,100.93,137.38,103.65,88.75,126.06,120.46
2004-04-30,96.37,110.79,128.86,103.57,98.28,138.32,102.94,89.06,125.33,122.67
2004-05-31,98.26,112.04,128.41,99.34,96.68,133.75,101.05,90.38,126.41,124.31
2004-06-30,97.59,112.01,130.0,97.09,98.54,136.69,102.04,91.81,125.64,123.17
2004-07-31,96.68,112.19,129.82,99.67,100.48,135.74,104.7,90.67,125.21,120.73
2004-08-31,96.75,112.07,129.02,99.31,102.29,134.58,105.13,90.05,124.8,122.23
2004-09-30,96.19,112.2,126.7,97.91,103.12,134.77,106.95,89.74,126.93,122.18
2004-10-31,95.04,113.4,125.39,101.02,105.16,135.6,109.8,90.77,127.84,124.46
2004-11-30,92.4,114.73,125.34,104.12,104.97,138.13,114.07,92.86,128.84,126.65
2004-12-31,90.9,116.44,127.59,102.63,106.32,136.97,111.34,92.25,129.65,125.67
2005-01-31,91.59,113.87,125.31,103.03,105.14,137.34,110.79,90.71,127.42,125.08
2005-02-28,91.77,112.59,126.13,104.92,106.12,133.68,109.21,89.93,126.41,122.53
2005-03-31,91.69,114.07,126.16,104.89,107.75,132.8,111.06,90.1,126.37,125.05
2005-04-30,92.94,113.15,127.24,104.13,107.53,130.79,109.48,90.13,124.43,125.06
2005-05-31,93.19,111.96,126.41,103.77,108.13,132.12,108.02,89.45,123.19,126.21
2005-06-30,94.3,109.12,127.23,105.95,108.35,130.72,110.11,88.29,120.48,127.69
2005-07-31,94.92,108.9,123.55,105.23,105.16,127.03,111.91,86.66,117.96,127.36
2005-08-31,93.94,109.5,124.54,105.22,106.53,126.91,112.97,87.18,119.39,127.47
2005-09-30,94.5,108.93,125.32,105.59,106.98,126.3,115.51,87.09,119.24,129.14
2005-10-31,95.6,108.31,123.91,105.0,108.13,122.57,115.46,87.37,117.72,128.41
2005-11-30,95.56,107.23,123.84,103.74,108.64,119.19,115.67,87.1,115.41,128.51
2005-12-31,94.38,107.52,123.99,104.27,108.84,118.46,117.65,86.7,116.94,125.57
2006-01-31,93.5,107.22,122.5,103.71,106.01,119.5,117.27,86.77,117.97,124.55
2006-02-28,93.65,106.12,122.45,103.28,104.48,116.36,117.89,85.87,117.18,124.33
2006-03-31,94.22,107.45,121.52,101.63,98.94,117.04,117.29,85.12,117.24,125.98
2006-04-30,93.95,108.73,121.4,102.19,96.11,115.83,118.09,85.5,118.51,129.05
2006-05-31,92.28,110.48,125.48,104.33,95.43,119.9,121.02,87.27,119.31,130.29
2006-06-30,93.73,111.18,125.42,102.63,95.26,117.89,120.88,87.15,120.82,129.21
2006-07-31,93.7,111.08,125.16,104.53,94.89,116.12,119.08,86.14,121.01,127.54
2006-08-31,93.01,110.86,127.89,105.47,96.61,115.99,119.64,85.71,121.0,126.46
2006-09-30,92.63,110.46,128.1,104.58,100.05,114.83,119.7,85.02,120.84,123.88
2006-10-31,92.43,109.79,128.26,104.63,101.48,113.29,118.62,84.7,120.69,121.55
2006-11-30,91.31,110.31,128.79,105.75,101.1,112.68,117.55,84.82,123.09,123.65
2006-12-31,90.24,111.45,130.31,105.74,103.11,111.19,115.29,84.8,124.15,124.49
2007-01-31,91.44,109.92,130.66,106.01,104.53,108.22,113.02,83.04,122.88,121.15
2007-02-28,91.22,110.07,130.09,105.34,103.94,106.54,113.61,82.75,121.57,124.28
2007-03-31,91.31,111.23,128.19,106.0,103.89,109.24,113.8,83.12,120.75,124.29
2007-04-30,90.37,112.21,128.62,109.75,107.66,106.57,116.65,82.68,121.97,124.23
2007-05-31,90.0,111.88,127.93,109.55,107.31,104.48,120.74,81.87,121.79,123.61
2007-06-30,89.89,111.27,128.84,112.19,110.49,102.38,123.78,81.47,119.87,124.47
2007-07-31,88.51,111.51,128.87,113.93,112.89,101.65,124.79,81.23,121.99,126.29
2007-08-31,88.47,111.17,128.32,109.11,104.99,106.9,123.68,81.83,119.93,125.53
2007-09-30,87.2,112.12,126.5,110.22,102.81,107.27,126.72,81.53,121.59,128.62
2007-10-31,85.32,112.88,125.7,115.47,106.59,104.61,131.86,81.04,123.49,130.88
2007-11-30,84.03,114.54,124.14,113.38,105.73,107.5,132.19,82.75,123.1,129.13
2007-12-31,84.42,114.42,122.19,110.78,107.48,106.21,127.19,82.05,120.95,128.94
2008-01-31,83.9,113.8,116.83,110.93,106.4,109.13,125.03,83.94,120.22,129.53
2008-02-29,82.75,112.91,116.16,113.85,107.89,107.79,125.61,84.11,120.66,129.22
2008-03-31,81.49,116.78,114.41,113.22,106.52,113.15,124.01,87.14,122.3,130.13
2008-04-30,81.26,117.61,112.39,113.33,104.49,109.93,122.26,86.59,123.32,130.3
2008-05-31,81.88,116.88,112.42,116.63,103.3,109.19,124.89,84.89,123.41,130.81
2008-06-30,82.4,116.42,112.69,117.21,101.51,106.31,122.57,85.17,122.57,128.43
2008-07-31,81.91,116.01,112.43,118.01,100.08,105.42,122.39,84.6,121.23,128.45
2008-08-31,83.56,113.04,111.44,111.15,97.81,105.52,118.94,83.15,120.81,128.14
2008-09-30,85.33,111.64,109.73,104.88,95.47,110.52,119.73,83.77,119.06,126.16
2008-10-31,90.14,109.11,109.34,90.82,90.99,122.97,109.52,87.1,114.72,118.93
2008-11-30,91.08,108.27,102.88,89.14,86.91,129.91,107.92,86.42,110.97,115.88
2008-12-31,89.55,113.96,97.0,89.7,84.63,137.0,105.86,86.97,106.23,112.3
2009-01-31,90.47,112.96,94.58,90.78,83.46,137.52,106.35,89.11,106.3,114.5
2009-02-28,92.92,112.37,97.87,88.9,80.05,136.05,106.02,88.65,103.54,120.37
2009-03-31,93.46,114.91,95.52,91.6,82.59,128.82,104.8,88.11,102.02,120.99
2009-04-30,91.27,113.87,97.46,96.65,86.53,125.29,106.54,87.9,104.15,120.83
2009-05-31,88.7,114.31,99.81,101.55,88.67,124.95,113.01,88.47,106.95,120.87
2009-06-30,88.35,115.69,104.27,105.57,92.72,123.55,115.03,88.84,104.72,120.55
2009-07-31,87.97,114.66,103.99,105.91,93.79,125.77,114.7,88.17,104.89,119.94
2009-08-31,86.75,114.86,103.96,109.09,97.31,124.36,117.63,87.96,110.99,122.57
2009-09-30,85.98,115.91,101.14,111.15,99.55,127.71,117.74,88.88,112.0,124.95
2009-10-31,84.75,116.93,98.74,115.69,102.25,127.1,120.01,89.71,111.19,128.74
2009-11-30,84.17,116.76,100.91,116.78,99.96,127.83,119.51,89.96,110.68,128.1
2009-12-31,84.11,115.64,100.38,115.54,98.93,126.84,120.02,89.46,109.26,127.69
2010-01-31,84.38,111.72,100.9,117.57,100.32,124.5,121.49,90.13,109.75,129.76
2010-02-28,85.16,108.68,100.04,115.42,97.57,126.81,120.9,89.18,111.18,129.9
2010-03-31,84.68,108.56,96.44,118.53,97.59,125.81,124.22,89.44,112.71,129.95
2010-04-30,84.22,107.04,98.89,120.36,98.41,121.11,126.66,90.13,112.2,130.48
2010-05-31,86.74,103.65,98.84,115.34,98.98,125.49,124.09,89.15,110.53,128.06
2010-06-30,87.36,101.78,101.44,114.31,99.15,128.28,124.75,90.47,110.64,126.39
2010-07-31,85.85,103.39,101.85,115.34,100.32,130.53,123.66,93.26,112.66,125.41
2010-08-31,84.97,103.02,103.69,117.26,99.57,132.58,123.14,93.3,113.08,125.92
2010-09-30,83.95,103.31,101.49,120.6,100.47,132.65,123.31,95.54,116.31,126.47
2010-10-31,81.26,106.76,99.07,122.63,101.32,133.64,123.82,94.87,117.71,125.43
2010-11-30,81.21,105.26,101.0,123.81,104.66,131.82,124.58,94.39,116.7,124.11
2010-12-31,81.7,103.24,100.94,125.72,102.62,130.63,125.32,97.45,118.96,126.93
2011-01-31,80.91,101.88,101.28,125.33,103.64,129.84,126.34,97.5,120.25,127.14
2011-02-28,80.24,102.96,102.53,125.97,101.74,128.13,126.26,96.63,122.8,127.51
2011-03-31,79.88,105.6,100.51,125.32,98.21,128.53,127.71,98.18,122.3,128.22
2011-04-30,78.83,107.31,100.23,129.29,102.59,123.86,129.11,97.92,121.92,129.86
2011-05-31,78.99,106.14,100.36,130.23,103.4,126.8,128.1,100.81,121.71,128.24
2011-06-30,78.96,106.37,99.25,129.3,106.01,127.55,125.97,104.45,119.52,128.48
2011-07-31,78.44,104.73,99.11,130.87,109.43,128.54,128.69,106.11,118.88,128.43
2011-08-31,78.86,105.15,100.7,126.9,108.25,132.2,125.39,111.25,118.62,127.7
2011-09-30,80.98,104.72,100.58,125.56,106.58,134.77,124.21,102.52,118.64,128.37
2011-10-31,81.47,105.28,100.76,124.88,103.75,135.86,122.61,99.88,118.83,127.69
2011-11-30,81.79,104.75,102.02,125.09,101.63,133.75,122.42,99.2,118.4,126.57
2011-12-31,82.1,103.2,102.86,126.29,102.19,133.98,122.51,98.02,118.94,125.74
2012-01-31,81.82,99.71,102.42,129.17,105.54,134.95,123.61,97.88,118.9,125.1
2012-02-29,80.5,100.26,102.42,131.38,108.59,130.59,124.68,98.55,119.69,128.27
2012-03-31,81.22,101.41,102.45,129.28,107.41,124.53,125.25,98.56,118.32,127.93
2012-04-30,81.56,101.42,104.25,126.83,107.27,126.39,125.72,98.46,118.38,126.79
2012-05-31,83.02,100.16,105.78,124.05,103.01,130.18,124.49,97.79,115.99,126.3
2012-06-30,84.19,99.63,104.63,126.23,104.92,131.89,122.74,97.19,117.05,125.57
2012-07-31,83.64,97.12,106.08,131.23,107.01,131.84,124.31,95.88,120.15,124.81
2012-08-31,83.06,97.12,106.22,132.67,107.35,131.32,126.25,95.57,123.62,125.64
2012-09-30,81.8,99.58,106.35,129.63,106.86,130.31,126.88,95.99,121.68,127.0
2012-10-31,81.32,100.11,105.91,127.79,106.8,128.09,125.72,96.13,119.91,127.64
2012-11-30,81.48,99.41,106.21,129.65,106.89,124.56,124.72,95.98,119.45,128.71
2012-12-31,80.5,100.98,106.29,129.81,108.0,119.56,124.54,96.09,119.69,129.62
2013-01-31,80.7,101.02,104.25,130.52,109.08,111.68,124.02,95.44,120.39,130.16
2013-02-28,81.38,101.81,101.3,128.42,109.86,106.05,122.76,95.73,122.63,130.15
2013-03-31,82.27,101.38,100.27,130.04,109.26,105.13,121.34,94.67,123.88,127.5
2013-04-30,81.79,101.39,101.75,130.46,111.72,101.81,121.72,95.37,122.31,127.52
2013-05-31,82.38,101.64,102.21,124.95,109.82,98.92,121.83,93.77,120.68,127.61
2013-06-30,83.07,103.52,102.7,119.6,106.45,103.09,120.66,95.46,120.05,125.44
2013-07-31,83.52,102.82,101.54,117.3,107.64,101.16,119.78,94.89,120.49,123.74
2013-08-31,83.26,104.08,103.06,115.45,107.95,103.03,119.42,95.65,120.63,123.32
2013-09-30,82.86,104.18,105.28,118.33,109.97,101.22,119.86,95.51,120.93,122.65
2013-10-31,81.7,104.77,105.18,120.19,111.09,101.77,118.97,96.12,120.22,121.32
2013-11-30,82.11,104.6,106.42,118.79,111.03,99.96,118.03,96.04,118.36,120.27
2013-12-31,82.06,106.31,107.85,114.67,111.26,96.51,115.82,96.99,118.29,117.94
2014-01-31,82.96,104.88,108.78,113.55,112.64,96.11,113.13,96.47,119.05,118.31
2014-02-28,83.04,105.15,109.39,114.69,112.35,97.68,112.3,97.21,118.78,119.17
2014-03-31,83.33,107.07,108.89,116.0,115.3,97.53,111.87,97.97,118.83,120.72
2014-04-30,83.17,106.58,109.83,118.84,115.55,99.23,113.05,97.52,116.48,121.53
2014-05-31,83.1,105.48,110.46,118.62,115.43,100.09,114.33,97.23,116.17,122.52
2014-06-30,83.38,104.64,111.66,119.81,115.82,99.83,115.01,96.75,115.06,120.62
2014-07-31,83.14,103.44,112.86,120.04,116.67,99.99,115.94,96.58,113.0,119.25
2014-08-31,83.61,102.84,111.87,119.64,113.85,99.17,114.19,96.26,112.97,120.07
2014-09-30,84.63,101.49,111.29,117.73,111.34,95.94,113.95,95.4,111.81,120.43
2014-10-31,85.4,100.73,111.19,115.22,108.85,95.8,112.53,94.93,111.76,118.15
2014-11-30,86.34,100.64,110.56,115.19,109.95,89.64,112.01,95.38,111.14,115.96
2014-12-31,87.77,101.26,111.27,111.31,110.92,88.47,110.52,95.17,109.84,109.97
2015-01-31,89.45,96.21,111.52,111.01,111.13,90.59,106.77,102.39,107.64,109.15
2015-02-28,90.55,94.52,113.96,107.45,109.07,90.25,103.81,103.84,105.81,111.79
2015-03-31,92.44,92.58,113.99,108.08,110.6,90.07,104.11,101.67,106.46,109.08
2015-04-30,91.93,91.81,113.44,107.5,111.86,90.44,105.7,102.82,104.53,110.28
2015-05-31,91.52,93.79,115.12,109.39,108.07,89.14,107.25,104.14,105.92,113.0
2015-06-30,92.4,94.83,116.12,107.68,103.14,87.04,105.88,104.17,106.74,109.56
2015-07-31,93.87,93.3,117.74,104.42,99.54,87.96,102.43,102.71,105.31,107.08
2015-08-31,95.19,95.7,118.6,104.11,99.11,89.5,100.76,101.18,105.04,105.58
2015-09-30,95.55,97.21,116.41,101.32,96.29,92.4,99.92,100.65,107.5,105.3
2015-10-31,94.62,96.78,115.84,102.96,100.65,91.85,101.16,100.67,107.72,105.5
2015-11-30,95.95,93.58,118.26,103.81,99.94,90.64,100.38,99.39,106.61,104.61
2015-12-31,96.42,95.37,116.18,105.31,102.74,91.8,97.09,100.08,108.72,102.79
2016-01-31,98.74,95.37,112.4,103.02,101.09,95.47,94.61,100.04,109.51,103.51
2016-02-29,97.36,96.29,109.89,102.94,101.02,97.04,96.93,99.9,108.57,104.94
2016-03-31,95.73,96.39,108.29,107.0,101.05,97.57,100.79,99.96,109.29,105.57
2016-04-30,94.5,97.03,106.97,108.03,101.91,99.57,103.34,100.48,110.32,107.36
2016-05-31,95.82,97.71,109.31,103.98,101.83,101.09,103.2,99.33,109.32,108.04
2016-06-30,96.44,97.31,107.13,105.37,105.24,104.48,103.76,100.52,108.57,108.06
2016-07-31,96.85,96.53,100.3,108.13,107.09,106.1,102.87,100.21,107.11,108.52
2016-08-31,95.99,96.96,99.13,108.79,107.58,108.28,102.59,100.22,106.96,108.83
2016-09-30,96.61,97.32,99.5,108.34,108.76,107.59,101.8,99.75,106.05,110.29
2016-10-31,97.39,97.11,94.28,110.03,107.33,106.96,101.19,99.63,104.39,113.14
2016-11-30,99.66,96.34,97.2,110.79,109.26,104.06,100.33,100.43,102.89,112.44
2016-12-31,101.16,95.68,99.63,109.72,109.79,97.8,101.56,99.45,104.1,111.41
2017-01-31,101.35,94.83,97.57,110.83,110.72,97.79,103.0,100.17,105.86,111.81
2017-02-28,99.84,94.2,98.49,112.95,111.22,98.46,103.17,100.47,106.14,113.01
2017-03-31,99.29,95.31,97.23,112.39,107.91,98.36,100.73,100.07,105.44,110.46
2017-04-30,98.55,95.25,99.18,110.37,106.72,100.78,100.24,99.58,104.76,108.95
2017-05-31,98.14,97.05,100.14,108.3,105.95,98.38,98.58,99.47,104.73,108.01
2017-06-30,96.85,97.96,97.97,109.2,109.16,98.62,100.13,100.1,104.71,107.85
2017-07-31,95.47,99.06,98.03,112.12,110.23,96.4,104.33,99.3,108.04,110.08
2017-08-31,94.27,100.57,96.45,112.45,107.91,97.59,104.38,96.98,108.86,110.77
2017-09-30,93.58,100.66,98.3,112.28,106.02,95.93,106.52,96.33,108.78,110.91
2017-10-31,95.04,100.25,98.55,110.86,103.96,94.74,104.68,95.41,107.53,109.97
2017-11-30,95.02,99.95,99.28,108.57,101.82,94.94,103.56,94.52,105.25,107.83
2017-12-31,94.38,100.37,100.07,108.22,102.39,94.36,102.85,93.99,104.69,105.19
2018-01-31,92.7,99.87,100.28,110.14,104.29,94.12,104.89,94.45,105.56,107.69
2018-02-28,91.69,99.89,100.54,107.44,103.85,95.3,103.26,96.16,104.79,108.36
2018-03-31,92.18,101.36,100.52,106.17,103.44,97.0,100.71,94.97,102.36,109.64
2018-04-30,92.43,101.54,101.8,105.33,103.54,95.54,102.3,93.24,100.4,109.46
2018-05-31,95.3,100.8,100.25,105.05,101.34,95.37,102.28,93.09,99.84,109.01
2018-06-30,96.91,100.71,99.85,105.81,102.43,95.93,100.92,94.69,100.62,110.6
2018-07-31,97.16,101.57,99.68,106.23,102.0,96.18,101.62,94.64,101.53,112.0
2018-08-31,97.63,101.86,99.25,106.04,101.18,97.85,102.58,96.17,99.81,110.37
2018-09-30,97.62,102.91,100.09,104.09,100.07,96.78,101.96,97.6,100.66,111.01
2018-10-31,98.16,101.8,100.41,103.58,99.7,96.78,102.74,95.81,100.28,111.61
2018-11-30,99.04,100.51,100.64,106.24,103.53,96.62,101.45,95.75,101.04,110.14
2018-12-31,98.55,100.58,98.85,104.76,104.09,97.1,99.55,96.34,101.76,107.96
2019-01-31,97.4,98.93,99.5,103.37,102.68,99.2,99.9,96.15,101.04,108.2
2019-02-28,97.11,98.06,100.71,102.51,103.06,96.92,100.91,95.07,98.69,108.68
2019-03-31,97.69,98.53,101.92,101.78,103.27,96.21,100.07,95.36,98.2,108.5
2019-04-30,98.02,98.74,101.36,102.51,101.59,96.0,100.06,94.74,98.45,109.36
2019-05-31,99.12,99.29,100.75,101.19,100.41,98.51,100.2,95.3,96.58,107.88
2019-06-30,98.76,99.82,98.64,101.05,100.89,99.79,101.11,96.73,97.56,108.45
2019-07-31,98.38,98.42,97.24,101.57,102.2,99.33,102.93,96.7,98.25,109.78
2019-08-31,99.98,99.15,96.13,99.72,99.81,102.87,102.1,98.5,96.65,106.13
2019-09-30,100.11,98.41,98.27,100.41,98.5,101.64,101.82,97.6,96.86,106.38
2019-10-31,99.42,98.16,99.63,99.65,97.79,100.47,102.0,96.44,95.69,104.28
2019-11-30,98.89,97.16,101.71,99.96,98.49,99.19,101.26,96.14,96.95,104.14
2019-12-31,98.12,97.33,102.77,100.75,101.33,98.56,101.53,96.54,98.69,104.33
2020-01-31,97.65,95.51,102.26,100.08,101.38,97.49,101.96,97.75,96.55,105.42
2020-02-29,98.76,94.75,102.92,97.85,99.35,97.35,101.03,98.24,96.41,102.63
2020-03-31,102.42,99.04,98.39,91.72,95.95,101.6,97.05,100.67,95.5,93.91
2020-04-30,104.41,99.58,100.51,93.44,96.14,102.99,96.94,100.54,95.11,94.09
2020-05-31,103.91,99.62,99.4,96.17,96.95,103.41,97.8,100.52,98.27,96.89
2020-06-30,101.77,100.86,98.66,100.28,100.32,100.93,100.28,99.85,100.16,99.8
2020-07-31,101.24,101.08,98.96,101.93,101.51,100.76,99.84,100.32,102.01,101.45
2020-08-31,99.94,102.23,100.2,103.74,100.26,100.24,100.83,101.06,103.27,102.73
2020-09-30,99.25,102.12,99.36,104.09,100.93,99.75,100.44,100.54,102.04,101.06
2020-10-31,98.56,102.06,99.32,102.2,100.31,99.35,100.58,100.69,102.11,99.69
2020-11-30,97.02,101.02,100.21,103.29,102.66,98.68,101.25,99.85,103.52,100.15
2020-12-31,95.06,102.12,99.81,105.21,104.22,97.44,102.01,99.98,105.05,102.18
2021-01-31,94.62,101.3,100.49,107.17,104.84,97.05,102.66,99.66,104.75,104.89
2021-02-28,94.99,100.23,102.07,107.51,105.55,95.02,103.08,98.47,104.21,105.73
2021-03-31,96.76,100.9,103.41,108.41,105.36,93.11,104.74,96.17,102.93,106.38
2021-04-30,96.82,101.59,103.35,108.44,105.53,91.83,105.14,96.49,102.89,107.77
2021-05-31,96.22,101.88,104.23,108.41,106.44,91.04,107.9,97.37,103.26,107.04
2021-06-30,97.19,101.18,104.48,107.08,105.82,90.25,106.93,97.03,103.05,106.21
2021-07-31,98.56,100.11,104.11,105.21,106.08,91.11,105.03,97.07,102.11,104.29
2021-08-31,98.78,99.77,104.73,103.74,106.94,91.44,104.51,97.67,101.99,103.4
2021-09-30,98.68,99.88,104.06,103.8,108.27,91.15,103.79,96.42,102.43,106.41
2021-10-31,99.5,99.24,105.14,105.36,108.3,88.25,105.98,96.8,102.52,108.77
2021-11-30,100.31,98.64,104.91,104.53,108.37,87.59,105.01,97.59,102.35,107.01
2021-12-31,101.02,98.61,104.88,103.4,105.83,87.75,102.89,98.01,100.98,105.65
2022-01-31,100.89,97.58,105.57,103.82,105.08,86.66,104.39,97.56,98.72,105.38
2022-02-28,100.82,97.83,105.17,103.4,103.74,85.89,103.68,96.85,97.09,105.4
2022-03-31,102.44,98.61,104.11,107.38,107.09,83.96,105.09,97.21,96.77,107.45
2022-04-30,103.16,96.45,105.16,109.04,106.91,79.3,105.92,96.38,97.81,108.15
2022-05-31,106.18,96.56,103.36,107.03,104.12,79.44,105.85,94.75,96.68,102.2
2022-06-30,107.42,96.8,102.62,107.06,103.96,75.97,105.93,95.66,96.46,101.0
2022-07-31,109.2,94.75,102.62,106.51,103.72,75.7,105.72,97.73,95.59,102.18
2022-08-31,108.69,94.6,103.03,108.83,105.3,77.01,105.55,99.25,97.25,104.81
2022-09-30,111.26,95.46,99.26,107.6,102.73,74.55,103.21,98.85,95.49,102.41
2022-10-31,112.99,97.14,101.31,104.27,100.47,73.71,101.14,96.82,93.79,100.33
2022-11-30,110.18,98.19,102.95,106.82,105.09,75.2,102.38,97.32,95.94,101.22
2022-12-31,107.44,99.09,104.35,106.72,107.48,77.67,99.71,97.94,97.7,100.74
2023-01-31,105.69,98.25,101.94,107.75,105.99,78.95,99.73,97.5,94.55,98.46
2023-02-28,106.2,98.52,102.15,108.07,105.19,77.16,99.82,98.2,95.38,96.11
2023-03-31,106.83,99.46,103.09,105.24,104.85,77.49,98.44,98.0,95.18,93.81
2023-04-30,105.96,101.11,105.01,104.74,104.2,77.54,99.75,99.06,94.85,93.44
2023-05-31,106.76,100.73,106.86,105.31,105.64,76.04,100.09,100.07,94.87,91.93
2023-06-30,107.25,101.5,108.86,107.68,105.5,74.34,101.92,100.09,93.41,92.91
2023-07-31,106.24,102.59,109.19,107.71,107.14,74.37,102.53,101.81,94.17,96.8
2023-08-31,107.71,102.62,108.78,105.04,104.98,73.08,101.05,102.23,92.48,95.31
2023-09-30,109.13,102.02,108.1,105.28,105.09,72.33,100.86,101.15,92.25,94.33
2023-10-31,110.46,101.55,106.84,104.85,105.31,72.5,100.16,101.44,93.76,93.33
2023-11-30,108.43,101.59,107.17,106.3,105.75,71.44,99.56,101.1,95.39,92.86
2023-12-31,106.66,101.35,108.35,108.23,108.11,73.4,100.85,103.07,98.87,94.57
2024-01-31,107.42,100.87,108.34,108.24,108.05,72.58,100.68,104.21,97.93,96.21
2024-02-29,108.05,100.49,108.49,106.71,107.69,70.72,100.03,102.87,97.68,95.28
2024-03-31,108.39,101.82,109.08,107.54,106.83,70.81,99.79,100.74,97.2,94.4
2024-04-30,109.7,101.84,108.65,108.27,105.71,69.87,99.58,99.41,94.66,93.74
2024-05-31,109.53,102.11,109.12,110.02,107.01,68.9,99.84,98.99,94.47,94.24
2024-06-30,111.03,101.99,110.22,110.81,108.77,68.37,100.0,100.98,96.99,95.55
2024-07-31,110.39,102.08,110.52,110.82,106.6,68.27,100.05,100.3,95.04,93.84
2024-08-31,109.32,102.2,109.78,108.06,105.64,72.87,99.55,102.7,95.1,92.31
2024-09-30,108.77,101.93,111.15,108.67,106.88,73.49,99.64,102.78,96.05,92.41
2024-10-31,110.01,101.46,111.72,108.79,105.74,71.24,98.89,102.22,95.32,92.43
2024-11-30,112.5,100.43,111.53,108.31,105.21,71.11,98.33,102.02,93.95,93.08
2024-12-31,113.43,99.97,111.98,105.9,103.34,71.84,96.34,101.4,94.05,92.38
2025-01-31,115.09,98.85,109.91,105.08,102.31,71.34,95.38,100.19,93.94,92.29
2025-02-28,114.21,98.39,110.87,105.63,102.4,72.58,96.28,100.18,95.74,93.45
2025-03-31,112.9,101.0,111.79,104.84,102.48,73.46,95.42,99.95,98.26,94.46
2025-04-30,111.39,103.95,112.41,103.9,103.35,75.79,97.06,103.26,99.33,93.71
2025-05-31,109.87,103.09,113.71,105.23,103.82,74.55,97.7,103.06,99.71,95.48
